#
# A fatal error has been detected by the Java Runtime Environment:
#
#  EXCEPTION_ACCESS_VIOLATION (0xc0000005) at pc=0x00000000009280ce, pid=14900, tid=8928
#
# JRE version: OpenJDK Runtime Environment (17.0.6) (build 17.0.6+0-b2043.56-9586694)
# Java VM: OpenJDK 64-Bit Server VM (17.0.6+0-b2043.56-9586694, mixed mode, tiered, compressed oops, compressed class ptrs, g1 gc, windows-amd64)
# Problematic frame:
# C  [sqlite-3.34.0-3a8e8a9f-6d75-4b75-a047-b0545d7091c1-sqlitejdbc.dll+0x580ce]
#
# No core dump will be written. Minidumps are not enabled by default on client versions of Windows
#
# If you would like to submit a bug report, please visit:
#   https://bugreport.java.com/bugreport/crash.jsp
# The crash happened outside the Java Virtual Machine in native code.
# See problematic frame for where to report the bug.
#

---------------  S U M M A R Y ------------

Command Line: exit -Xms256m -Xmx1280m -XX:ReservedCodeCacheSize=512m -XX:+UseG1GC -XX:SoftRefLRUPolicyMSPerMB=50 -XX:CICompilerCount=2 -XX:+HeapDumpOnOutOfMemoryError -XX:-OmitStackTraceInFastThrow -XX:+IgnoreUnrecognizedVMOptions -XX:CompileCommand=exclude,com/intellij/openapi/vfs/impl/FilePartNodeRoot,trieDescend -ea -Dsun.io.useCanonCaches=false -Dsun.java2d.metal=true -Djbr.catch.SIGABRT=true -Djdk.http.auth.tunneling.disabledSchemes="" -Djdk.attach.allowAttachSelf=true -Djdk.module.illegalAccess.silent=true -Djna.nosys=true -Djna.boot.library.path= -Didea.vendor.name=Google -Dkotlinx.coroutines.debug=off -Djb.vmOptionsFile=C:\Program Files\Android\Android Studio\bin\studio64.exe.vmoptions -Djava.system.class.loader=com.intellij.util.lang.PathClassLoader -Didea.strict.classpath=true -Didea.vendor.name=Google -Didea.paths.selector=AndroidStudio2022.2 -Didea.platform.prefix=AndroidStudio -XX:FlightRecorderOptions=stackdepth=256 -Didea.jre.check=true -Dsplash=true --add-opens=java.base/java.io=ALL-UNNAMED --add-opens=java.base/java.lang=ALL-UNNAMED --add-opens=java.base/java.lang.reflect=ALL-UNNAMED --add-opens=java.base/java.net=ALL-UNNAMED --add-opens=java.base/java.nio=ALL-UNNAMED --add-opens=java.base/java.nio.charset=ALL-UNNAMED --add-opens=java.base/java.text=ALL-UNNAMED --add-opens=java.base/java.time=ALL-UNNAMED --add-opens=java.base/java.util=ALL-UNNAMED --add-opens=java.base/java.util.concurrent=ALL-UNNAMED --add-opens=java.base/java.util.concurrent.atomic=ALL-UNNAMED --add-opens=java.base/jdk.internal.vm=ALL-UNNAMED --add-opens=java.base/sun.nio.ch=ALL-UNNAMED --add-opens=java.base/sun.security.ssl=ALL-UNNAMED --add-opens=java.base/sun.security.util=ALL-UNNAMED --add-opens=java.desktop/java.awt=ALL-UNNAMED --add-opens=java.desktop/java.awt.dnd.peer=ALL-UNNAMED --add-opens=java.desktop/java.awt.event=ALL-UNNAMED --add-opens=java.desktop/java.awt.image=ALL-UNNAMED --add-opens=java.desktop/java.awt.peer=ALL-UNNAMED --add-opens=java.desktop/javax.swing=ALL-UNNAMED --add-opens=java.desktop/javax.swing.plaf.basic=ALL-UNNAMED --add-opens=java.desktop/javax.swing.text.html=ALL-UNNAMED --add-opens=java.desktop/sun.awt.datatransfer=ALL-UNNAMED --add-opens=java.desktop/sun.awt.image=ALL-UNNAMED --add-opens=java.desktop/sun.awt.windows=ALL-UNNAMED --add-opens=java.desktop/sun.awt=ALL-UNNAMED --add-opens=java.desktop/sun.font=ALL-UNNAMED --add-opens=java.desktop/sun.java2d=ALL-UNNAMED --add-opens=java.desktop/sun.swing=ALL-UNNAMED --add-opens=jdk.attach/sun.tools.attach=ALL-UNNAMED --add-opens=jdk.compiler/com.sun.tools.javac.api=ALL-UNNAMED --add-opens=jdk.internal.jvmstat/sun.jvmstat.monitor=ALL-UNNAMED --add-opens=jdk.jdi/com.sun.tools.jdi=ALL-UNNAMED -Dide.native.launcher=true -XX:ErrorFile=C:\Users\vardh\\java_error_in_studio64_%p.log -XX:HeapDumpPath=C:\Users\vardh\\java_error_in_studio64.hprof 

Host: 12th Gen Intel(R) Core(TM) i7-1260P, 16 cores, 15G,  Windows 11 , 64 bit Build 22621 (10.0.22621.2506)
Time: Sun Nov 26 14:18:14 2023 India Standard Time elapsed time: 6309.965067 seconds (0d 1h 45m 9s)

---------------  T H R E A D  ---------------

Current thread (0x000000017d809fe0):  JavaThread "ApplicationImpl pooled thread 148" [_thread_in_native, id=8928, stack(0x0000000153000000,0x0000000153100000)]

Stack: [0x0000000153000000,0x0000000153100000],  sp=0x00000001530ff170,  free space=1020k
Native frames: (J=compiled Java code, j=interpreted, Vv=VM code, C=native code)
C  [sqlite-3.34.0-3a8e8a9f-6d75-4b75-a047-b0545d7091c1-sqlitejdbc.dll+0x580ce]

Java frames: (J=compiled Java code, j=interpreted, Vv=VM code)
J 28889  org.sqlite.core.NativeDB.reset(J)I (0 bytes) @ 0x0000000016c44edb [0x0000000016c44ea0+0x000000000000003b]
j  org.sqlite.jdbc3.JDBC3PreparedStatement.execute()Z+22
j  com.android.tools.datastore.database.DataStoreTable.execute(Ljava/lang/Enum;[Ljava/lang/Object;)V+29
j  com.android.tools.datastore.database.UnifiedEventsTable.insertUnifiedEvent(JLcom/android/tools/profiler/proto/Common$Event;)V+96
j  com.android.tools.datastore.poller.UnifiedEventsDataPoller.run()V+51
J 49002 c1 com.intellij.openapi.application.impl.ApplicationImpl$1.run()V (58 bytes) @ 0x000000000a215f6c [0x000000000a215be0+0x000000000000038c]
J 23548 c2 java.util.concurrent.Executors$RunnableAdapter.call()Ljava/lang/Object; java.base@17.0.6 (14 bytes) @ 0x0000000016873748 [0x0000000016873700+0x0000000000000048]
J 120645 c2 java.util.concurrent.FutureTask.run()V java.base@17.0.6 (123 bytes) @ 0x0000000019ac3b80 [0x0000000019ac3ac0+0x00000000000000c0]
j  java.util.concurrent.ThreadPoolExecutor.runWorker(Ljava/util/concurrent/ThreadPoolExecutor$Worker;)V+92 java.base@17.0.6
J 126891 c1 java.util.concurrent.ThreadPoolExecutor$Worker.run()V java.base@17.0.6 (9 bytes) @ 0x00000000109e553c [0x00000000109e54c0+0x000000000000007c]
j  java.util.concurrent.Executors$PrivilegedThreadFactory$1$1.run()Ljava/lang/Void;+23 java.base@17.0.6
j  java.util.concurrent.Executors$PrivilegedThreadFactory$1$1.run()Ljava/lang/Object;+1 java.base@17.0.6
J 74530 c2 java.security.AccessController.doPrivileged(Ljava/security/PrivilegedAction;Ljava/security/AccessControlContext;)Ljava/lang/Object; java.base@17.0.6 (17 bytes) @ 0x0000000016a67598 [0x0000000016a67540+0x0000000000000058]
j  java.util.concurrent.Executors$PrivilegedThreadFactory$1.run()V+15 java.base@17.0.6
J 67472 c1 java.lang.Thread.run()V java.base@17.0.6 (17 bytes) @ 0x000000000bbc1a8c [0x000000000bbc1a20+0x000000000000006c]
v  ~StubRoutines::call_stub

siginfo: EXCEPTION_ACCESS_VIOLATION (0xc0000005), reading address 0x0000000053ea9218


Register to memory mapping:

RIP=0x00000000009280ce sqlite-3.34.0-3a8e8a9f-6d75-4b75-a047-b0545d7091c1-sqlitejdbc.dll
RAX=0x0 is NULL
RBX=0x0000000053ea9218 is an unknown value
RCX=0x0000000053ea9218 is an unknown value
RDX=0x00000001530ff1e0 is pointing into the stack for thread: 0x000000017d809fe0
RSP=0x00000001530ff170 is pointing into the stack for thread: 0x000000017d809fe0
RBP=0x00000001530ff220 is pointing into the stack for thread: 0x000000017d809fe0
RSI=0x0000000000000158 is an unknown value
RDI=0x000000000000242c is an unknown value
R8 =0x0000000053ea9218 is an unknown value
R9 =0x0 is NULL
R10=0x0 is NULL
R11=0x0000000000000246 is an unknown value
R12=0x0 is NULL
R13=0x00000001530ff210 is pointing into the stack for thread: 0x000000017d809fe0
R14=0x00000001530ff1e0 is pointing into the stack for thread: 0x000000017d809fe0
R15=0x000000017d809fe0 is a thread


Registers:
RAX=0x0000000000000000, RBX=0x0000000053ea9218, RCX=0x0000000053ea9218, RDX=0x00000001530ff1e0
RSP=0x00000001530ff170, RBP=0x00000001530ff220, RSI=0x0000000000000158, RDI=0x000000000000242c
R8 =0x0000000053ea9218, R9 =0x0000000000000000, R10=0x0000000000000000, R11=0x0000000000000246
R12=0x0000000000000000, R13=0x00000001530ff210, R14=0x00000001530ff1e0, R15=0x000000017d809fe0
RIP=0x00000000009280ce, EFLAGS=0x0000000000010206

Top of Stack: (sp=0x00000001530ff170)
0x00000001530ff170:   00000000be30def0 00000001530ff1d0
0x00000001530ff180:   00000000be30def0 0000000016c45132
0x00000001530ff190:   00000001530ff220 0000000000000158
0x00000001530ff1a0:   000000000000242c 00000000be30def0
0x00000001530ff1b0:   0000000000000158 0000000016c44fa5
0x00000001530ff1c0:   00000001530ff2a0 0000000010c2edf4
0x00000001530ff1d0:   00000001530ff228 0000000146f4a078
0x00000001530ff1e0:   00000000be30def0 00000000c2bc6140
0x00000001530ff1f0:   0000000146f46fd0 0000000000000000
0x00000001530ff200:   00000001530ff230 0000000000000000
0x00000001530ff210:   0000000000000003 00000000ff2ce640
0x00000001530ff220:   00000001530ff2a0 0000000015cb9600
0x00000001530ff230:   00000001530ff2a0 0000000015cb9600
0x00000001530ff240:   0000000053ea9218 0000000000000000
0x00000001530ff250:   00000000be30def0 00000001530ff258
0x00000001530ff260:   0000000146f45a4e 00000001530ff2c8 

Instructions: (pc=0x00000000009280ce)
0x0000000000927fce:   48 89 43 28 eb 17 48 8b 4c 24 40 49 89 c0 48 89
0x0000000000927fde:   da 48 81 c1 cf 01 00 00 e8 98 a9 fb ff 45 31 ed
0x0000000000927fee:   48 8b 43 18 45 89 2c 24 48 89 45 28 48 81 c4 28
0x0000000000927ffe:   01 00 00 5b 5e 5f 5d 41 5c 41 5d 41 5e 41 5f c3
0x000000000092800e:   48 83 ec 38 48 8d 05 c0 8a ff ff 48 89 44 24 20
0x000000000092801e:   e8 17 f3 ff ff 48 83 c4 38 c3 57 56 53 48 83 ec
0x000000000092802e:   20 48 8b 31 48 89 cb 48 8b 49 10 48 85 c9 74 05
0x000000000092803e:   e8 f6 c9 ff ff 48 8b 93 48 01 00 00 48 89 f1 e8
0x000000000092804e:   23 53 fc ff 48 8b 93 50 01 00 00 48 85 d2 74 15
0x000000000092805e:   48 8b 42 28 48 89 f1 48 89 83 50 01 00 00 e8 2a
0x000000000092806e:   43 fc ff eb df 48 8b 93 58 01 00 00 48 89 f1 e8
0x000000000092807e:   71 54 fc ff 48 8b 53 08 48 89 f1 e8 34 4a fb ff
0x000000000092808e:   48 8b 93 a0 01 00 00 48 85 d2 74 11 48 8b 7a 18
0x000000000092809e:   48 89 f1 e8 1c 4a fb ff 48 89 fa eb ea 48 89 d9
0x00000000009280ae:   48 83 c4 20 5b 5e 5f e9 4d 41 fc ff 56 53 48 83
0x00000000009280be:   ec 38 31 c0 48 85 c9 48 89 cb 0f 84 84 00 00 00
0x00000000009280ce:   48 8b 31 48 8b 4e 18 e8 17 bc fa ff 48 83 bb b8
0x00000000009280de:   00 00 00 00 7e 0b 48 89 da 48 89 f1 e8 92 47 fb
0x00000000009280ee:   ff 48 89 d9 e8 7e c8 ff ff 48 89 f1 89 c2 c7 43
0x00000000009280fe:   24 a3 0d f2 2d c7 43 34 ff ff ff ff c7 43 38 00
0x000000000092810e:   00 00 00 c6 83 c2 00 00 00 02 c7 43 3c 00 00 00
0x000000000092811e:   00 c7 43 30 01 00 00 00 c6 83 c3 00 00 00 ff c7
0x000000000092812e:   43 40 00 00 00 00 48 c7 43 50 00 00 00 00 e8 ad
0x000000000092813e:   9b fb ff 48 8b 4e 18 89 44 24 2c e8 bf bb fa ff
0x000000000092814e:   8b 44 24 2c 48 83 c4 38 5b 5e c3 55 57 56 53 48
0x000000000092815e:   83 ec 28 48 8b 31 48 89 cf 48 8b 89 a0 00 00 00
0x000000000092816e:   e8 77 48 fb ff 48 8b 8f b0 00 00 00 e8 6b 48 fb
0x000000000092817e:   ff 48 8b 5f 38 48 85 db 74 36 83 7f 20 05 b8 02
0x000000000092818e:   00 00 00 75 09 31 c0 83 7f 24 00 0f 95 c0 48 8b
0x000000000092819e:   56 28 48 89 d9 48 8d 2c c2 48 83 7d 28 00 75 0b
0x00000000009281ae:   e8 07 ff ff ff 48 89 5d 28 eb 05 e8 b6 c8 ff ff
0x00000000009281be:   48 8b 5f 48 48 85 db 74 10 48 8b 0b e8 a5 c8 ff 


Stack slot to memory mapping:
stack at sp + 0 slots: 0x00000000be30def0 is an oop: org.sqlite.core.NativeDB 
{0x00000000be30def0} - klass: 'org/sqlite/core/NativeDB'
 - ---- fields (total size 9 words):
 - private final 'url' 'Ljava/lang/String;' @12  "jdbc:sqlite:C:\Users\vardh\AppData\Local\Google\AndroidStudio2022.2\.android\default.sql"{0x00000000be30df38} (be30df38)
 - 'begin' 'J' @16  0 (0 0)
 - 'commit' 'J' @24  0 (0 0)
 - private final 'fileName' 'Ljava/lang/String;' @32  "C:\Users\vardh\AppData\Local\Google\AndroidStudio2022.2\.android\default.sql"{0x00000000be30dfb8} (be30dfb8)
 - private final 'config' 'Lorg/sqlite/SQLiteConfig;' @36  a 'org/sqlite/SQLiteConfig'{0x00000000be30e030} (be30e030)
 - private final 'closed' 'Ljava/util/concurrent/atomic/AtomicBoolean;' @40  a 'java/util/concurrent/atomic/AtomicBoolean'{0x00000000be311168} (be311168)
 - private final 'stmts' 'Ljava/util/Map;' @44  a 'java/util/HashMap'{0x00000000be311178} (be311178)
 - private final 'updateListeners' 'Ljava/util/Set;' @48  a 'java/util/HashSet'{0x00000000be3111a8} (be3111a8)
 - private final 'commitListeners' 'Ljava/util/Set;' @52  a 'java/util/HashSet'{0x00000000be3111e8} (be3111e8)
 - 'pointer' 'J' @56  0 (0 0)
 - private final 'udfdatalist' 'J' @64  0 (0 0)
stack at sp + 1 slots: 0x00000001530ff1d0 is pointing into the stack for thread: 0x000000017d809fe0
stack at sp + 2 slots: 0x00000000be30def0 is an oop: org.sqlite.core.NativeDB 
{0x00000000be30def0} - klass: 'org/sqlite/core/NativeDB'
 - ---- fields (total size 9 words):
 - private final 'url' 'Ljava/lang/String;' @12  "jdbc:sqlite:C:\Users\vardh\AppData\Local\Google\AndroidStudio2022.2\.android\default.sql"{0x00000000be30df38} (be30df38)
 - 'begin' 'J' @16  0 (0 0)
 - 'commit' 'J' @24  0 (0 0)
 - private final 'fileName' 'Ljava/lang/String;' @32  "C:\Users\vardh\AppData\Local\Google\AndroidStudio2022.2\.android\default.sql"{0x00000000be30dfb8} (be30dfb8)
 - private final 'config' 'Lorg/sqlite/SQLiteConfig;' @36  a 'org/sqlite/SQLiteConfig'{0x00000000be30e030} (be30e030)
 - private final 'closed' 'Ljava/util/concurrent/atomic/AtomicBoolean;' @40  a 'java/util/concurrent/atomic/AtomicBoolean'{0x00000000be311168} (be311168)
 - private final 'stmts' 'Ljava/util/Map;' @44  a 'java/util/HashMap'{0x00000000be311178} (be311178)
 - private final 'updateListeners' 'Ljava/util/Set;' @48  a 'java/util/HashSet'{0x00000000be3111a8} (be3111a8)
 - private final 'commitListeners' 'Ljava/util/Set;' @52  a 'java/util/HashSet'{0x00000000be3111e8} (be3111e8)
 - 'pointer' 'J' @56  0 (0 0)
 - private final 'udfdatalist' 'J' @64  0 (0 0)
stack at sp + 3 slots: 0x0000000016c45132 is at entry_point+658 in (nmethod*)0x0000000016c44d10
stack at sp + 4 slots: 0x00000001530ff220 is pointing into the stack for thread: 0x000000017d809fe0
stack at sp + 5 slots: 0x0000000000000158 is an unknown value
stack at sp + 6 slots: 0x000000000000242c is an unknown value
stack at sp + 7 slots: 0x00000000be30def0 is an oop: org.sqlite.core.NativeDB 
{0x00000000be30def0} - klass: 'org/sqlite/core/NativeDB'
 - ---- fields (total size 9 words):
 - private final 'url' 'Ljava/lang/String;' @12  "jdbc:sqlite:C:\Users\vardh\AppData\Local\Google\AndroidStudio2022.2\.android\default.sql"{0x00000000be30df38} (be30df38)
 - 'begin' 'J' @16  0 (0 0)
 - 'commit' 'J' @24  0 (0 0)
 - private final 'fileName' 'Ljava/lang/String;' @32  "C:\Users\vardh\AppData\Local\Google\AndroidStudio2022.2\.android\default.sql"{0x00000000be30dfb8} (be30dfb8)
 - private final 'config' 'Lorg/sqlite/SQLiteConfig;' @36  a 'org/sqlite/SQLiteConfig'{0x00000000be30e030} (be30e030)
 - private final 'closed' 'Ljava/util/concurrent/atomic/AtomicBoolean;' @40  a 'java/util/concurrent/atomic/AtomicBoolean'{0x00000000be311168} (be311168)
 - private final 'stmts' 'Ljava/util/Map;' @44  a 'java/util/HashMap'{0x00000000be311178} (be311178)
 - private final 'updateListeners' 'Ljava/util/Set;' @48  a 'java/util/HashSet'{0x00000000be3111a8} (be3111a8)
 - private final 'commitListeners' 'Ljava/util/Set;' @52  a 'java/util/HashSet'{0x00000000be3111e8} (be3111e8)
 - 'pointer' 'J' @56  0 (0 0)
 - private final 'udfdatalist' 'J' @64  0 (0 0)


---------------  P R O C E S S  ---------------

Threads class SMR info:
_java_thread_list=0x000000015b826e40, length=104, elements={
0x0000000002ab85f0, 0x000000002d88f420, 0x000000002d8907b0, 0x000000002d8c90b0,
0x000000002d8c9b70, 0x000000002d8ca520, 0x000000002d8caed0, 0x000000002d8c1430,
0x000000002d8c4740, 0x000000002d8dbe60, 0x000000002da60760, 0x000000002db1a6b0,
0x0000000002ab8eb0, 0x000000002f704450, 0x000000002fb31660, 0x000000002fb31d40,
0x000000002fb34450, 0x000000002fb7ef40, 0x000000002fbf2960, 0x00000000521a2500,
0x00000000521a11c0, 0x00000000521a3840, 0x00000000521a0820, 0x00000000521a2ea0,
0x00000000521a3370, 0x00000000521a0350, 0x00000000523713f0, 0x000000005236e3d0,
0x000000005236c220, 0x000000005236aa10, 0x000000005236a070, 0x0000000052370f20,
0x000000005236da30, 0x000000009a55f060, 0x000000009a55f530, 0x00000000952ad130,
0x00000000952ad600, 0x00000000952af2e0, 0x00000000900f7710, 0x000000009a5633c0,
0x000000009a560870, 0x000000009a5650a0, 0x000000009a560d40, 0x000000009a5616e0,
0x000000009a565570, 0x000000009a564bd0, 0x000000009a565f10, 0x000000009a5663e0,
0x0000000052370a50, 0x000000005236df00, 0x000000005236cbc0, 0x00000000523718c0,
0x000000005236aee0, 0x000000005236f710, 0x00000000a72d53f0, 0x00000000a72d58c0,
0x00000000a72ce540, 0x00000000952b0620, 0x0000000149559c80, 0x00000001495592e0,
0x000000002f5bae70, 0x00000001481b0f00, 0x0000000149088fb0, 0x0000000155ec1030,
0x000000014e7ca3e0, 0x0000000089071a30, 0x000000014f860c60, 0x00000000abe3bad0,
0x000000015a331550, 0x000000016ceb7b00, 0x00000000a72d3be0, 0x0000000150241e90,
0x00000000a72d40b0, 0x0000000144722700, 0x0000000144723a40, 0x00000001592edfb0,
0x00000001518af400, 0x00000001518ae590, 0x00000001518ad250, 0x00000001518adbf0,
0x000000002f5bbce0, 0x000000016c7b5670, 0x000000017ca6a7a0, 0x000000017ca69930,
0x000000017d809fe0, 0x00000001592ec7a0, 0x00000000abe39920, 0x000000017d3c1b50,
0x000000005236d090, 0x000000005236e8a0, 0x000000005236f240, 0x000000014471da00,
0x00000001495fc670, 0x0000000144722230, 0x000000014471d530, 0x00000001592ee480,
0x00000001592ed140, 0x0000000144721d60, 0x00000001479b0ee0, 0x00000001747bca60,
0x00000001747bdda0, 0x00000001747be270, 0x00000001495fd010, 0x00000001479b3090
}

Java Threads: ( => current thread )
  0x0000000002ab85f0 JavaThread "main" [_thread_blocked, id=21228, stack(0x0000000000050000,0x0000000000150000)]
  0x000000002d88f420 JavaThread "Reference Handler" daemon [_thread_blocked, id=3968, stack(0x000000002dc00000,0x000000002dd00000)]
  0x000000002d8907b0 JavaThread "Finalizer" daemon [_thread_blocked, id=11532, stack(0x000000002dd00000,0x000000002de00000)]
  0x000000002d8c90b0 JavaThread "Signal Dispatcher" daemon [_thread_blocked, id=19676, stack(0x000000002df00000,0x000000002e000000)]
  0x000000002d8c9b70 JavaThread "Attach Listener" daemon [_thread_blocked, id=16372, stack(0x000000002e000000,0x000000002e100000)]
  0x000000002d8ca520 JavaThread "Service Thread" daemon [_thread_blocked, id=22144, stack(0x000000002e100000,0x000000002e200000)]
  0x000000002d8caed0 JavaThread "Monitor Deflation Thread" daemon [_thread_blocked, id=21836, stack(0x000000002e200000,0x000000002e300000)]
  0x000000002d8c1430 JavaThread "C2 CompilerThread0" daemon [_thread_in_native, id=8068, stack(0x000000002e300000,0x000000002e400000)]
  0x000000002d8c4740 JavaThread "C1 CompilerThread0" daemon [_thread_blocked, id=22216, stack(0x000000002e400000,0x000000002e500000)]
  0x000000002d8dbe60 JavaThread "Sweeper thread" daemon [_thread_in_vm, id=20608, stack(0x000000002e500000,0x000000002e600000)]
  0x000000002da60760 JavaThread "Common-Cleaner" daemon [_thread_blocked, id=18716, stack(0x000000002e600000,0x000000002e700000)]
  0x000000002db1a6b0 JavaThread "Notification Thread" daemon [_thread_blocked, id=5832, stack(0x000000002e700000,0x000000002e800000)]
  0x0000000002ab8eb0 JavaThread "WinLauncher external command processing thread" [_thread_in_native, id=8828, stack(0x000000002e900000,0x000000002ea00000)]
  0x000000002f704450 JavaThread "JobScheduler FJ pool 1/15" daemon [_thread_blocked, id=7360, stack(0x0000000050400000,0x0000000050500000)]
  0x000000002fb31660 JavaThread "Java2D Disposer" daemon [_thread_blocked, id=17292, stack(0x0000000050c40000,0x0000000050d40000)]
  0x000000002fb31d40 JavaThread "AWT-Shutdown" [_thread_blocked, id=4668, stack(0x0000000050d40000,0x0000000050e40000)]
  0x000000002fb34450 JavaThread "AWT-Windows" daemon [_thread_in_native, id=18768, stack(0x0000000050e40000,0x0000000050f40000)]
  0x000000002fb7ef40 JavaThread "AWT-EventQueue-0" [_thread_in_vm, id=17624, stack(0x0000000051200000,0x0000000051300000)]
  0x000000002fbf2960 JavaThread "JobScheduler FJ pool 3/15" daemon [_thread_blocked, id=8768, stack(0x0000000051400000,0x0000000051500000)]
  0x00000000521a2500 JavaThread "JobScheduler FJ pool 4/15" daemon [_thread_blocked, id=7140, stack(0x0000000053ec0000,0x0000000053fc0000)]
  0x00000000521a11c0 JavaThread "JobScheduler FJ pool 7/15" daemon [_thread_blocked, id=1696, stack(0x00000000541c0000,0x00000000542c0000)]
  0x00000000521a3840 JavaThread "JobScheduler FJ pool 11/15" daemon [_thread_blocked, id=21400, stack(0x00000000545c0000,0x00000000546c0000)]
  0x00000000521a0820 JavaThread "JobScheduler FJ pool 12/15" daemon [_thread_blocked, id=5532, stack(0x0000000058420000,0x0000000058520000)]
  0x00000000521a2ea0 JavaThread "JobScheduler FJ pool 13/15" daemon [_thread_blocked, id=21288, stack(0x0000000058660000,0x0000000058760000)]
  0x00000000521a3370 JavaThread "JobScheduler FJ pool 14/15" daemon [_thread_blocked, id=7468, stack(0x00000000587b0000,0x00000000588b0000)]
  0x00000000521a0350 JavaThread "Periodic tasks thread" daemon [_thread_blocked, id=19128, stack(0x00000000758e0000,0x00000000759e0000)]
  0x00000000523713f0 JavaThread "Netty Builtin Server 1" daemon [_thread_in_native, id=14372, stack(0x0000000076460000,0x0000000076560000)]
  0x000000005236e3d0 JavaThread "BatchSpanProcessor_WorkerThread-1" daemon [_thread_blocked, id=12568, stack(0x0000000076660000,0x0000000076760000)]
  0x000000005236c220 JavaThread "Netty Builtin Server 2" [_thread_in_native, id=14284, stack(0x000000007f770000,0x000000007f870000)]
  0x000000005236aa10 JavaThread "I/O pool 1" [_thread_blocked, id=5736, stack(0x000000008da70000,0x000000008db70000)]
  0x000000005236a070 JavaThread "I/O pool 2" [_thread_blocked, id=18168, stack(0x0000000091760000,0x0000000091860000)]
  0x0000000052370f20 JavaThread "I/O pool 3" [_thread_blocked, id=15076, stack(0x0000000091860000,0x0000000091960000)]
  0x000000005236da30 JavaThread "TimerQueue" daemon [_thread_blocked, id=17548, stack(0x00000000980e0000,0x00000000981e0000)]
  0x000000009a55f060 JavaThread "MVStore Serialization" [_thread_blocked, id=13668, stack(0x00000000a4ed0000,0x00000000a4fd0000)]
  0x000000009a55f530 JavaThread "Batik CleanerThread" daemon [_thread_blocked, id=12360, stack(0x00000000a4fd0000,0x00000000a50d0000)]
  0x00000000952ad130 JavaThread "DefaultDispatcher-worker-1" daemon [_thread_blocked, id=14424, stack(0x0000000140230000,0x0000000140330000)]
  0x00000000952ad600 JavaThread "DefaultDispatcher-worker-2" daemon [_thread_blocked, id=15016, stack(0x0000000142020000,0x0000000142120000)]
  0x00000000952af2e0 JavaThread "DefaultDispatcher-worker-3" daemon [_thread_blocked, id=21796, stack(0x0000000141c00000,0x0000000141d00000)]
  0x00000000900f7710 JavaThread "Thread-24" daemon [_thread_in_native, id=19024, stack(0x00000000542c0000,0x00000000543c0000)]
  0x000000009a5633c0 JavaThread "Thread-25" daemon [_thread_in_native, id=14588, stack(0x00000000759e0000,0x0000000075ae0000)]
  0x000000009a560870 JavaThread "Thread-26" daemon [_thread_in_native, id=15028, stack(0x000000007f870000,0x000000007f970000)]
  0x000000009a5650a0 JavaThread "Thread-27" daemon [_thread_in_native, id=11480, stack(0x0000000095df0000,0x0000000095ef0000)]
  0x000000009a560d40 JavaThread "Thread-28" daemon [_thread_in_native, id=11740, stack(0x00000000a3950000,0x00000000a3a50000)]
  0x000000009a5616e0 JavaThread "Thread-29" daemon [_thread_in_native, id=22364, stack(0x00000000a52f0000,0x00000000a53f0000)]
  0x000000009a565570 JavaThread "Thread-30" daemon [_thread_in_native, id=21440, stack(0x00000000a5e00000,0x00000000a5f00000)]
  0x000000009a564bd0 JavaThread "Thread-31" daemon [_thread_in_native, id=16836, stack(0x00000000a5f00000,0x00000000a6000000)]
  0x000000009a565f10 JavaThread "Thread-32" daemon [_thread_in_native, id=7124, stack(0x00000000a6000000,0x00000000a6100000)]
  0x000000009a5663e0 JavaThread "Thread-33" daemon [_thread_in_native, id=16488, stack(0x00000000a6100000,0x00000000a6200000)]
  0x0000000052370a50 JavaThread "Thread-34" daemon [_thread_in_native, id=15088, stack(0x00000000a6200000,0x00000000a6300000)]
  0x000000005236df00 JavaThread "Thread-35" daemon [_thread_in_native, id=21660, stack(0x00000000a8500000,0x00000000a8600000)]
  0x000000005236cbc0 JavaThread "Thread-36" daemon [_thread_in_native, id=16336, stack(0x00000000a8600000,0x00000000a8700000)]
  0x00000000523718c0 JavaThread "Thread-37" daemon [_thread_in_native, id=15704, stack(0x00000000a9100000,0x00000000a9200000)]
  0x000000005236aee0 JavaThread "Thread-38" daemon [_thread_in_native, id=13028, stack(0x00000000a9200000,0x00000000a9300000)]
  0x000000005236f710 JavaThread "Thread-39" daemon [_thread_in_native, id=11776, stack(0x00000000a9300000,0x00000000a9400000)]
  0x00000000a72d53f0 JavaThread "Thread-40" daemon [_thread_in_native, id=15520, stack(0x00000000a9400000,0x00000000a9500000)]
  0x00000000a72d58c0 JavaThread "kotlinx.coroutines.DefaultExecutor" daemon [_thread_blocked, id=18480, stack(0x00000000a51d0000,0x00000000a52d0000)]
  0x00000000a72ce540 JavaThread "Thread-41" daemon [_thread_blocked, id=12384, stack(0x00000000aa730000,0x00000000aa830000)]
  0x00000000952b0620 JavaThread "grpc-timer-0" daemon [_thread_blocked, id=10272, stack(0x00000000ad0d0000,0x00000000ad1d0000)]
  0x0000000149559c80 JavaThread "DefaultDispatcher-worker-5" daemon [_thread_blocked, id=15056, stack(0x00000000ad2d0000,0x00000000ad3d0000)]
  0x00000001495592e0 JavaThread "grpc-shared-destroyer-0" daemon [_thread_blocked, id=8264, stack(0x00000000a3a50000,0x00000000a3b50000)]
  0x000000002f5bae70 JavaThread "JobScheduler FJ pool 9/15" daemon [_thread_blocked, id=5804, stack(0x0000000053650000,0x0000000053750000)]
  0x00000001481b0f00 JavaThread "JobScheduler FJ pool 0/15" daemon [_thread_blocked, id=16808, stack(0x00000000ad1d0000,0x00000000ad2d0000)]
  0x0000000149088fb0 JavaThread "Cleaner-0" daemon [_thread_blocked, id=15212, stack(0x000000007f970000,0x000000007fa70000)]
  0x0000000155ec1030 JavaThread "pool-12-thread-1" [_thread_blocked, id=5208, stack(0x000000008d970000,0x000000008da70000)]
  0x000000014e7ca3e0 JavaThread "Layoutlib Render Thread" daemon [_thread_blocked, id=18164, stack(0x00000000ac7d0000,0x00000000ac8d0000)]
  0x0000000089071a30 JavaThread "rd throttler" daemon [_thread_blocked, id=11692, stack(0x000000007f670000,0x000000007f770000)]
  0x000000014f860c60 JavaThread "DefaultDispatcher-worker-6" daemon [_thread_blocked, id=13776, stack(0x000000014d800000,0x000000014d900000)]
  0x00000000abe3bad0 JavaThread "DefaultDispatcher-worker-7" daemon [_thread_blocked, id=16476, stack(0x000000015dda0000,0x000000015dea0000)]
  0x000000015a331550 JavaThread "JobScheduler FJ pool 2/15" daemon [_thread_blocked, id=14288, stack(0x0000000051300000,0x0000000051400000)]
  0x000000016ceb7b00 JavaThread "JobScheduler FJ pool 6/15" daemon [_thread_blocked, id=20064, stack(0x00000000ac8d0000,0x00000000ac9d0000)]
  0x00000000a72d3be0 JavaThread "JobScheduler FJ pool 15/15" daemon [_thread_blocked, id=9292, stack(0x000000014b600000,0x000000014b700000)]
  0x0000000150241e90 JavaThread "JobScheduler FJ pool 16/15" daemon [_thread_blocked, id=10544, stack(0x000000014b800000,0x000000014b900000)]
  0x00000000a72d40b0 JavaThread "JobScheduler FJ pool 17/15" daemon [_thread_blocked, id=6308, stack(0x0000000167000000,0x0000000167100000)]
  0x0000000144722700 JavaThread "DefaultDispatcher-worker-8" daemon [_thread_blocked, id=5860, stack(0x0000000143720000,0x0000000143820000)]
  0x0000000144723a40 JavaThread "DefaultDispatcher-worker-9" daemon [_thread_blocked, id=8240, stack(0x000000014b400000,0x000000014b500000)]
  0x00000001592edfb0 JavaThread "pool-16-thread-4" [_thread_blocked, id=10248, stack(0x0000000098b80000,0x0000000098c80000)]
  0x00000001518af400 JavaThread "DefaultDispatcher-worker-10" daemon [_thread_blocked, id=4420, stack(0x0000000099030000,0x0000000099130000)]
  0x00000001518ae590 JavaThread "DefaultDispatcher-worker-11" daemon [_thread_blocked, id=21940, stack(0x00000000a3850000,0x00000000a3950000)]
  0x00000001518ad250 JavaThread "DefaultDispatcher-worker-12" daemon [_thread_blocked, id=2700, stack(0x00000000a4c00000,0x00000000a4d00000)]
  0x00000001518adbf0 JavaThread "DefaultDispatcher-worker-13" daemon [_thread_blocked, id=2300, stack(0x00000000a6300000,0x00000000a6400000)]
  0x000000002f5bbce0 JavaThread "DefaultDispatcher-worker-14" daemon [_thread_blocked, id=19436, stack(0x00000000a8400000,0x00000000a8500000)]
  0x000000016c7b5670 JavaThread "DefaultDispatcher-worker-15" daemon [_thread_blocked, id=2624, stack(0x00000000a9000000,0x00000000a9100000)]
  0x000000017ca6a7a0 JavaThread "DefaultDispatcher-worker-16" daemon [_thread_blocked, id=12080, stack(0x00000000aad30000,0x00000000aae30000)]
  0x000000017ca69930 JavaThread "DefaultDispatcher-worker-4" daemon [_thread_blocked, id=3372, stack(0x00000000ac9d0000,0x00000000acad0000)]
=>0x000000017d809fe0 JavaThread "ApplicationImpl pooled thread 148" [_thread_in_native, id=8928, stack(0x0000000153000000,0x0000000153100000)]
  0x00000001592ec7a0 JavaThread "grpc-nio-worker-ELG-3-1" daemon [_thread_in_native, id=7260, stack(0x0000000098c80000,0x0000000098d80000)]
  0x00000000abe39920 JavaThread "grpc-nio-worker-ELG-3-2" daemon [_thread_in_native, id=14700, stack(0x000000016be50000,0x000000016bf50000)]
  0x000000017d3c1b50 JavaThread "ApplicationImpl pooled thread 150" [_thread_blocked, id=18796, stack(0x000000016da70000,0x000000016db70000)]
  0x000000005236d090 JavaThread "deployment-service-0" [_thread_blocked, id=17212, stack(0x0000000142220000,0x0000000142320000)]
  0x000000005236e8a0 JavaThread "deployment-service-1" [_thread_blocked, id=19380, stack(0x0000000153490000,0x0000000153590000)]
  0x000000005236f240 JavaThread "deployment-service-2" [_thread_blocked, id=16608, stack(0x0000000175670000,0x0000000175770000)]
  0x000000014471da00 JavaThread "deployment-service-3" [_thread_blocked, id=12056, stack(0x0000000175770000,0x0000000175870000)]
  0x00000001495fc670 JavaThread "deployment-service-4" [_thread_blocked, id=22220, stack(0x0000000175870000,0x0000000175970000)]
  0x0000000144722230 JavaThread "ApplicationImpl pooled thread 158" [_thread_blocked, id=12200, stack(0x0000000066bc0000,0x0000000066cc0000)]
  0x000000014471d530 JavaThread "ApplicationImpl pooled thread 159" [_thread_blocked, id=20332, stack(0x0000000098a80000,0x0000000098b80000)]
  0x00000001592ee480 JavaThread "ApplicationImpl pooled thread 160" [_thread_blocked, id=10296, stack(0x000000004fad0000,0x000000004fbd0000)]
  0x00000001592ed140 JavaThread "I/O pool 93" [_thread_blocked, id=18744, stack(0x0000000053fc0000,0x00000000540c0000)]
  0x0000000144721d60 JavaThread "ApplicationImpl pooled thread 161" [_thread_blocked, id=5336, stack(0x0000000098d80000,0x0000000098e80000)]
  0x00000001479b0ee0 JavaThread "ApplicationImpl pooled thread 162" [_thread_blocked, id=19304, stack(0x0000000141e10000,0x0000000141f10000)]
  0x00000001747bca60 JavaThread "ApplicationImpl pooled thread 163" [_thread_blocked, id=7340, stack(0x0000000142120000,0x0000000142220000)]
  0x00000001747bdda0 JavaThread "ApplicationImpl pooled thread 164" [_thread_blocked, id=1704, stack(0x000000014b700000,0x000000014b800000)]
  0x00000001747be270 JavaThread "ApplicationImpl pooled thread 165" [_thread_blocked, id=18284, stack(0x0000000153100000,0x0000000153200000)]
  0x00000001495fd010 JavaThread "ApplicationImpl pooled thread 166" [_thread_blocked, id=3984, stack(0x0000000153200000,0x0000000153300000)]
  0x00000001479b3090 JavaThread "grpc-default-executor-1" daemon [_thread_blocked, id=19596, stack(0x0000000153300000,0x0000000153400000)]

Other Threads:
  0x000000002ccaed30 VMThread "VM Thread" [stack: 0x000000002ceb0000,0x000000002cfb0000] [id=22168]
  0x000000002db3a5a0 WatcherThread [stack: 0x000000002e800000,0x000000002e900000] [id=18056]
  0x0000000002afd240 GCTaskThread "GC Thread#0" [stack: 0x00000000299b0000,0x0000000029ab0000] [id=10400]
  0x000000002f731de0 GCTaskThread "GC Thread#1" [stack: 0x000000004f5d0000,0x000000004f6d0000] [id=17168]
  0x000000002dbf11e0 GCTaskThread "GC Thread#2" [stack: 0x000000004f6d0000,0x000000004f7d0000] [id=7056]
  0x000000002dbf1490 GCTaskThread "GC Thread#3" [stack: 0x000000004f7d0000,0x000000004f8d0000] [id=11200]
  0x000000002dbf1740 GCTaskThread "GC Thread#4" [stack: 0x000000004f8d0000,0x000000004f9d0000] [id=13708]
  0x000000002fa84010 GCTaskThread "GC Thread#5" [stack: 0x000000004f9d0000,0x000000004fad0000] [id=3432]
  0x0000000052079440 GCTaskThread "GC Thread#6" [stack: 0x0000000051500000,0x0000000051600000] [id=14396]
  0x00000000520c7600 GCTaskThread "GC Thread#7" [stack: 0x0000000051600000,0x0000000051700000] [id=19464]
  0x00000000521e2e70 GCTaskThread "GC Thread#8" [stack: 0x0000000051700000,0x0000000051800000] [id=22116]
  0x00000000520f05a0 GCTaskThread "GC Thread#9" [stack: 0x00000000537c0000,0x00000000538c0000] [id=16544]
  0x000000005218ad20 GCTaskThread "GC Thread#10" [stack: 0x00000000538c0000,0x00000000539c0000] [id=5780]
  0x00000000521afb10 GCTaskThread "GC Thread#11" [stack: 0x00000000539c0000,0x0000000053ac0000] [id=2164]
  0x000000002fd14820 GCTaskThread "GC Thread#12" [stack: 0x0000000053ac0000,0x0000000053bc0000] [id=19352]
  0x0000000002b08180 ConcurrentGCThread "G1 Main Marker" [stack: 0x0000000029ab0000,0x0000000029bb0000] [id=7720]
  0x0000000002b08b90 ConcurrentGCThread "G1 Conc#0" [stack: 0x0000000029bb0000,0x0000000029cb0000] [id=8832]
  0x0000000052025d90 ConcurrentGCThread "G1 Conc#1" [stack: 0x0000000053bc0000,0x0000000053cc0000] [id=4824]
  0x00000000520aa2c0 ConcurrentGCThread "G1 Conc#2" [stack: 0x0000000053cc0000,0x0000000053dc0000] [id=20684]
  0x000000002cb70070 ConcurrentGCThread "G1 Refine#0" [stack: 0x000000002ccb0000,0x000000002cdb0000] [id=4508]
  0x000000008973ba40 ConcurrentGCThread "G1 Refine#1" [stack: 0x0000000088230000,0x0000000088330000] [id=20296]
  0x000000008fc28c10 ConcurrentGCThread "G1 Refine#2" [stack: 0x0000000097ee0000,0x0000000097fe0000] [id=19168]
  0x000000008fc29a70 ConcurrentGCThread "G1 Refine#3" [stack: 0x0000000097fe0000,0x00000000980e0000] [id=16632]
  0x000000009a00fa60 ConcurrentGCThread "G1 Refine#4" [stack: 0x00000000aa830000,0x00000000aa930000] [id=7800]
  0x000000009a0105e0 ConcurrentGCThread "G1 Refine#5" [stack: 0x00000000aa930000,0x00000000aaa30000] [id=916]
  0x000000009a010ba0 ConcurrentGCThread "G1 Refine#6" [stack: 0x00000000aaa30000,0x00000000aab30000] [id=15108]
  0x000000009a0108c0 ConcurrentGCThread "G1 Refine#7" [stack: 0x00000000aab30000,0x00000000aac30000] [id=15208]
  0x000000009a010020 ConcurrentGCThread "G1 Refine#8" [stack: 0x00000000aac30000,0x00000000aad30000] [id=14392]
  0x000000002cb709a0 ConcurrentGCThread "G1 Service" [stack: 0x000000002cdb0000,0x000000002ceb0000] [id=2668]

Threads with active compile tasks:
C2 CompilerThread0  6310071 133973       4       com.intellij.util.io.storage.AbstractStorage::withReadLock (12 bytes)

VM state: not at safepoint (normal execution)

VM Mutex/Monitor currently owned by a thread:  ([mutex/lock_event])
[0x00000000006aba70] CompiledIC_lock - owner thread: 0x000000002d8dbe60

Heap address: 0x00000000b0000000, size: 1280 MB, Compressed Oops mode: 32-bit

CDS archive(s) not mapped
Compressed class space mapped at: 0x0000000100000000-0x0000000140000000, reserved size: 1073741824
Narrow klass base: 0x0000000000000000, Narrow klass shift: 3, Narrow klass range: 0x140000000

GC Precious Log:
 CPUs: 16 total, 16 available
 Memory: 15997M
 Large Page Support: Disabled
 NUMA Support: Disabled
 Compressed Oops: Enabled (32-bit)
 Heap Region Size: 1M
 Heap Min Capacity: 256M
 Heap Initial Capacity: 256M
 Heap Max Capacity: 1280M
 Pre-touch: Disabled
 Parallel Workers: 13
 Concurrent Workers: 3
 Concurrent Refinement Workers: 13
 Periodic GC: Disabled

Heap:
 garbage-first heap   total 1310720K, used 726733K [0x00000000b0000000, 0x0000000100000000)
  region size 1024K, 56 young (57344K), 39 survivors (39936K)
 Metaspace       used 599379K, committed 603456K, reserved 1581056K
  class space    used 79747K, committed 81664K, reserved 1048576K

Heap Regions: E=young(eden), S=young(survivor), O=old, HS=humongous(starts), HC=humongous(continues), CS=collection set, F=free, OA=open archive, CA=closed archive, TAMS=top-at-mark-start (previous, next)
|   0|0x00000000b0000000, 0x00000000b0100000, 0x00000000b0100000|100%|HS|  |TAMS 0x00000000b0100000, 0x00000000b0000000| Complete 
|   1|0x00000000b0100000, 0x00000000b0200000, 0x00000000b0200000|100%| O|  |TAMS 0x00000000b0200000, 0x00000000b0100000| Untracked 
|   2|0x00000000b0200000, 0x00000000b0300000, 0x00000000b0300000|100%| O|  |TAMS 0x00000000b0300000, 0x00000000b0200000| Untracked 
|   3|0x00000000b0300000, 0x00000000b0400000, 0x00000000b0400000|100%| O|  |TAMS 0x00000000b0400000, 0x00000000b0300000| Untracked 
|   4|0x00000000b0400000, 0x00000000b0500000, 0x00000000b0500000|100%| O|  |TAMS 0x00000000b0500000, 0x00000000b0400000| Untracked 
|   5|0x00000000b0500000, 0x00000000b0600000, 0x00000000b0600000|100%| O|  |TAMS 0x00000000b0600000, 0x00000000b0500000| Untracked 
|   6|0x00000000b0600000, 0x00000000b0700000, 0x00000000b0700000|100%| O|  |TAMS 0x00000000b0700000, 0x00000000b0600000| Untracked 
|   7|0x00000000b0700000, 0x00000000b0800000, 0x00000000b0800000|100%| O|  |TAMS 0x00000000b0800000, 0x00000000b0700000| Untracked 
|   8|0x00000000b0800000, 0x00000000b0900000, 0x00000000b0900000|100%| O|  |TAMS 0x00000000b0900000, 0x00000000b0800000| Untracked 
|   9|0x00000000b0900000, 0x00000000b0a00000, 0x00000000b0a00000|100%| O|  |TAMS 0x00000000b0a00000, 0x00000000b0900000| Untracked 
|  10|0x00000000b0a00000, 0x00000000b0b00000, 0x00000000b0b00000|100%| O|  |TAMS 0x00000000b0b00000, 0x00000000b0a00000| Untracked 
|  11|0x00000000b0b00000, 0x00000000b0c00000, 0x00000000b0c00000|100%| O|  |TAMS 0x00000000b0c00000, 0x00000000b0b00000| Untracked 
|  12|0x00000000b0c00000, 0x00000000b0d00000, 0x00000000b0d00000|100%| O|  |TAMS 0x00000000b0d00000, 0x00000000b0c00000| Untracked 
|  13|0x00000000b0d00000, 0x00000000b0e00000, 0x00000000b0e00000|100%| O|  |TAMS 0x00000000b0e00000, 0x00000000b0d00000| Untracked 
|  14|0x00000000b0e00000, 0x00000000b0f00000, 0x00000000b0f00000|100%| O|  |TAMS 0x00000000b0f00000, 0x00000000b0e00000| Untracked 
|  15|0x00000000b0f00000, 0x00000000b1000000, 0x00000000b1000000|100%| O|  |TAMS 0x00000000b1000000, 0x00000000b0f00000| Untracked 
|  16|0x00000000b1000000, 0x00000000b1100000, 0x00000000b1100000|100%| O|  |TAMS 0x00000000b1100000, 0x00000000b1000000| Untracked 
|  17|0x00000000b1100000, 0x00000000b1200000, 0x00000000b1200000|100%| O|  |TAMS 0x00000000b1200000, 0x00000000b1100000| Untracked 
|  18|0x00000000b1200000, 0x00000000b1300000, 0x00000000b1300000|100%| O|  |TAMS 0x00000000b1300000, 0x00000000b1200000| Untracked 
|  19|0x00000000b1300000, 0x00000000b1400000, 0x00000000b1400000|100%| O|  |TAMS 0x00000000b1400000, 0x00000000b1300000| Untracked 
|  20|0x00000000b1400000, 0x00000000b1500000, 0x00000000b1500000|100%| O|  |TAMS 0x00000000b1500000, 0x00000000b1400000| Untracked 
|  21|0x00000000b1500000, 0x00000000b1600000, 0x00000000b1600000|100%| O|  |TAMS 0x00000000b1600000, 0x00000000b1500000| Untracked 
|  22|0x00000000b1600000, 0x00000000b1700000, 0x00000000b1700000|100%| O|  |TAMS 0x00000000b1700000, 0x00000000b1600000| Untracked 
|  23|0x00000000b1700000, 0x00000000b1800000, 0x00000000b1800000|100%| O|  |TAMS 0x00000000b1800000, 0x00000000b1700000| Untracked 
|  24|0x00000000b1800000, 0x00000000b1900000, 0x00000000b1900000|100%| O|  |TAMS 0x00000000b1900000, 0x00000000b1800000| Untracked 
|  25|0x00000000b1900000, 0x00000000b1a00000, 0x00000000b1a00000|100%| O|  |TAMS 0x00000000b1a00000, 0x00000000b1900000| Untracked 
|  26|0x00000000b1a00000, 0x00000000b1b00000, 0x00000000b1b00000|100%| O|  |TAMS 0x00000000b1b00000, 0x00000000b1a00000| Untracked 
|  27|0x00000000b1b00000, 0x00000000b1c00000, 0x00000000b1c00000|100%| O|  |TAMS 0x00000000b1c00000, 0x00000000b1b00000| Untracked 
|  28|0x00000000b1c00000, 0x00000000b1d00000, 0x00000000b1d00000|100%| O|  |TAMS 0x00000000b1d00000, 0x00000000b1c00000| Untracked 
|  29|0x00000000b1d00000, 0x00000000b1e00000, 0x00000000b1e00000|100%| O|  |TAMS 0x00000000b1e00000, 0x00000000b1d00000| Untracked 
|  30|0x00000000b1e00000, 0x00000000b1f00000, 0x00000000b1f00000|100%| O|  |TAMS 0x00000000b1f00000, 0x00000000b1e00000| Untracked 
|  31|0x00000000b1f00000, 0x00000000b2000000, 0x00000000b2000000|100%| O|  |TAMS 0x00000000b2000000, 0x00000000b1f00000| Untracked 
|  32|0x00000000b2000000, 0x00000000b2100000, 0x00000000b2100000|100%| O|  |TAMS 0x00000000b2100000, 0x00000000b2000000| Untracked 
|  33|0x00000000b2100000, 0x00000000b2200000, 0x00000000b2200000|100%| O|  |TAMS 0x00000000b2200000, 0x00000000b2100000| Untracked 
|  34|0x00000000b2200000, 0x00000000b2300000, 0x00000000b2300000|100%| O|  |TAMS 0x00000000b2300000, 0x00000000b2200000| Untracked 
|  35|0x00000000b2300000, 0x00000000b2400000, 0x00000000b2400000|100%| O|  |TAMS 0x00000000b2400000, 0x00000000b2300000| Untracked 
|  36|0x00000000b2400000, 0x00000000b2500000, 0x00000000b2500000|100%| O|  |TAMS 0x00000000b2500000, 0x00000000b2400000| Untracked 
|  37|0x00000000b2500000, 0x00000000b2600000, 0x00000000b2600000|100%| O|  |TAMS 0x00000000b2600000, 0x00000000b2500000| Untracked 
|  38|0x00000000b2600000, 0x00000000b2700000, 0x00000000b2700000|100%| O|  |TAMS 0x00000000b2700000, 0x00000000b2600000| Untracked 
|  39|0x00000000b2700000, 0x00000000b2800000, 0x00000000b2800000|100%| O|  |TAMS 0x00000000b2800000, 0x00000000b2700000| Untracked 
|  40|0x00000000b2800000, 0x00000000b2900000, 0x00000000b2900000|100%| O|  |TAMS 0x00000000b2900000, 0x00000000b2800000| Untracked 
|  41|0x00000000b2900000, 0x00000000b2a00000, 0x00000000b2a00000|100%| O|  |TAMS 0x00000000b2a00000, 0x00000000b2900000| Untracked 
|  42|0x00000000b2a00000, 0x00000000b2b00000, 0x00000000b2b00000|100%|HS|  |TAMS 0x00000000b2b00000, 0x00000000b2a00000| Complete 
|  43|0x00000000b2b00000, 0x00000000b2c00000, 0x00000000b2c00000|100%| O|  |TAMS 0x00000000b2c00000, 0x00000000b2b00000| Untracked 
|  44|0x00000000b2c00000, 0x00000000b2d00000, 0x00000000b2d00000|100%| O|  |TAMS 0x00000000b2d00000, 0x00000000b2c00000| Untracked 
|  45|0x00000000b2d00000, 0x00000000b2e00000, 0x00000000b2e00000|100%| O|  |TAMS 0x00000000b2e00000, 0x00000000b2d00000| Untracked 
|  46|0x00000000b2e00000, 0x00000000b2f00000, 0x00000000b2f00000|100%| O|  |TAMS 0x00000000b2f00000, 0x00000000b2e00000| Untracked 
|  47|0x00000000b2f00000, 0x00000000b3000000, 0x00000000b3000000|100%| O|  |TAMS 0x00000000b3000000, 0x00000000b2f00000| Untracked 
|  48|0x00000000b3000000, 0x00000000b3100000, 0x00000000b3100000|100%| O|  |TAMS 0x00000000b3100000, 0x00000000b3000000| Untracked 
|  49|0x00000000b3100000, 0x00000000b3200000, 0x00000000b3200000|100%| O|  |TAMS 0x00000000b3200000, 0x00000000b3100000| Untracked 
|  50|0x00000000b3200000, 0x00000000b3300000, 0x00000000b3300000|100%| O|  |TAMS 0x00000000b3300000, 0x00000000b3200000| Untracked 
|  51|0x00000000b3300000, 0x00000000b3400000, 0x00000000b3400000|100%| O|  |TAMS 0x00000000b3400000, 0x00000000b3300000| Untracked 
|  52|0x00000000b3400000, 0x00000000b3500000, 0x00000000b3500000|100%| O|  |TAMS 0x00000000b3500000, 0x00000000b3400000| Untracked 
|  53|0x00000000b3500000, 0x00000000b3600000, 0x00000000b3600000|100%| O|  |TAMS 0x00000000b3600000, 0x00000000b3500000| Untracked 
|  54|0x00000000b3600000, 0x00000000b3700000, 0x00000000b3700000|100%| O|  |TAMS 0x00000000b3700000, 0x00000000b3600000| Untracked 
|  55|0x00000000b3700000, 0x00000000b3800000, 0x00000000b3800000|100%| O|  |TAMS 0x00000000b3800000, 0x00000000b3700000| Untracked 
|  56|0x00000000b3800000, 0x00000000b3900000, 0x00000000b3900000|100%| O|  |TAMS 0x00000000b3900000, 0x00000000b3800000| Untracked 
|  57|0x00000000b3900000, 0x00000000b3a00000, 0x00000000b3a00000|100%| O|  |TAMS 0x00000000b3a00000, 0x00000000b3900000| Untracked 
|  58|0x00000000b3a00000, 0x00000000b3b00000, 0x00000000b3b00000|100%| O|  |TAMS 0x00000000b3b00000, 0x00000000b3a00000| Untracked 
|  59|0x00000000b3b00000, 0x00000000b3c00000, 0x00000000b3c00000|100%| O|  |TAMS 0x00000000b3c00000, 0x00000000b3b00000| Untracked 
|  60|0x00000000b3c00000, 0x00000000b3d00000, 0x00000000b3d00000|100%| O|  |TAMS 0x00000000b3d00000, 0x00000000b3c00000| Untracked 
|  61|0x00000000b3d00000, 0x00000000b3e00000, 0x00000000b3e00000|100%| O|  |TAMS 0x00000000b3e00000, 0x00000000b3d00000| Untracked 
|  62|0x00000000b3e00000, 0x00000000b3f00000, 0x00000000b3f00000|100%|HS|  |TAMS 0x00000000b3f00000, 0x00000000b3e00000| Untracked 
|  63|0x00000000b3f00000, 0x00000000b4000000, 0x00000000b4000000|100%| O|  |TAMS 0x00000000b4000000, 0x00000000b3f00000| Untracked 
|  64|0x00000000b4000000, 0x00000000b4100000, 0x00000000b4100000|100%| O|  |TAMS 0x00000000b4100000, 0x00000000b4000000| Untracked 
|  65|0x00000000b4100000, 0x00000000b4200000, 0x00000000b4200000|100%| O|  |TAMS 0x00000000b4200000, 0x00000000b4100000| Untracked 
|  66|0x00000000b4200000, 0x00000000b4300000, 0x00000000b4300000|100%| O|  |TAMS 0x00000000b4300000, 0x00000000b4200000| Untracked 
|  67|0x00000000b4300000, 0x00000000b4400000, 0x00000000b4400000|100%|HS|  |TAMS 0x00000000b4400000, 0x00000000b4300000| Complete 
|  68|0x00000000b4400000, 0x00000000b4500000, 0x00000000b4500000|100%| O|  |TAMS 0x00000000b4500000, 0x00000000b4400000| Untracked 
|  69|0x00000000b4500000, 0x00000000b4600000, 0x00000000b4600000|100%| O|  |TAMS 0x00000000b4600000, 0x00000000b4500000| Untracked 
|  70|0x00000000b4600000, 0x00000000b4700000, 0x00000000b4700000|100%|HS|  |TAMS 0x00000000b4700000, 0x00000000b4600000| Complete 
|  71|0x00000000b4700000, 0x00000000b4800000, 0x00000000b4800000|100%|HC|  |TAMS 0x00000000b4800000, 0x00000000b4700000| Complete 
|  72|0x00000000b4800000, 0x00000000b4900000, 0x00000000b4900000|100%| O|  |TAMS 0x00000000b4900000, 0x00000000b4800000| Untracked 
|  73|0x00000000b4900000, 0x00000000b4a00000, 0x00000000b4a00000|100%| O|  |TAMS 0x00000000b4a00000, 0x00000000b4900000| Untracked 
|  74|0x00000000b4a00000, 0x00000000b4b00000, 0x00000000b4b00000|100%| O|  |TAMS 0x00000000b4b00000, 0x00000000b4a00000| Untracked 
|  75|0x00000000b4b00000, 0x00000000b4c00000, 0x00000000b4c00000|100%|HS|  |TAMS 0x00000000b4c00000, 0x00000000b4b00000| Complete 
|  76|0x00000000b4c00000, 0x00000000b4d00000, 0x00000000b4d00000|100%|HC|  |TAMS 0x00000000b4d00000, 0x00000000b4c00000| Complete 
|  77|0x00000000b4d00000, 0x00000000b4e00000, 0x00000000b4e00000|100%|HC|  |TAMS 0x00000000b4e00000, 0x00000000b4d00000| Complete 
|  78|0x00000000b4e00000, 0x00000000b4f00000, 0x00000000b4f00000|100%|HC|  |TAMS 0x00000000b4f00000, 0x00000000b4e00000| Complete 
|  79|0x00000000b4f00000, 0x00000000b5000000, 0x00000000b5000000|100%| O|  |TAMS 0x00000000b5000000, 0x00000000b4f00000| Untracked 
|  80|0x00000000b5000000, 0x00000000b5100000, 0x00000000b5100000|100%| O|  |TAMS 0x00000000b5100000, 0x00000000b5000000| Untracked 
|  81|0x00000000b5100000, 0x00000000b5200000, 0x00000000b5200000|100%| O|  |TAMS 0x00000000b5200000, 0x00000000b5100000| Untracked 
|  82|0x00000000b5200000, 0x00000000b5300000, 0x00000000b5300000|100%| O|  |TAMS 0x00000000b5300000, 0x00000000b5200000| Untracked 
|  83|0x00000000b5300000, 0x00000000b5400000, 0x00000000b5400000|100%| O|  |TAMS 0x00000000b5400000, 0x00000000b5300000| Untracked 
|  84|0x00000000b5400000, 0x00000000b5500000, 0x00000000b5500000|100%| O|  |TAMS 0x00000000b5500000, 0x00000000b5400000| Untracked 
|  85|0x00000000b5500000, 0x00000000b5600000, 0x00000000b5600000|100%|HS|  |TAMS 0x00000000b5600000, 0x00000000b5500000| Complete 
|  86|0x00000000b5600000, 0x00000000b5700000, 0x00000000b5700000|100%|HS|  |TAMS 0x00000000b5700000, 0x00000000b5600000| Complete 
|  87|0x00000000b5700000, 0x00000000b5800000, 0x00000000b5800000|100%|HC|  |TAMS 0x00000000b5800000, 0x00000000b5700000| Complete 
|  88|0x00000000b5800000, 0x00000000b5900000, 0x00000000b5900000|100%|HC|  |TAMS 0x00000000b5900000, 0x00000000b5800000| Complete 
|  89|0x00000000b5900000, 0x00000000b5a00000, 0x00000000b5a00000|100%|HC|  |TAMS 0x00000000b5a00000, 0x00000000b5900000| Complete 
|  90|0x00000000b5a00000, 0x00000000b5b00000, 0x00000000b5b00000|100%|HC|  |TAMS 0x00000000b5b00000, 0x00000000b5a00000| Complete 
|  91|0x00000000b5b00000, 0x00000000b5c00000, 0x00000000b5c00000|100%| O|  |TAMS 0x00000000b5c00000, 0x00000000b5b00000| Untracked 
|  92|0x00000000b5c00000, 0x00000000b5d00000, 0x00000000b5d00000|100%| O|  |TAMS 0x00000000b5d00000, 0x00000000b5c00000| Complete 
|  93|0x00000000b5d00000, 0x00000000b5e00000, 0x00000000b5e00000|100%|HS|  |TAMS 0x00000000b5e00000, 0x00000000b5d00000| Complete 
|  94|0x00000000b5e00000, 0x00000000b5f00000, 0x00000000b5f00000|100%| O|  |TAMS 0x00000000b5f00000, 0x00000000b5e00000| Untracked 
|  95|0x00000000b5f00000, 0x00000000b6000000, 0x00000000b6000000|100%| O|  |TAMS 0x00000000b6000000, 0x00000000b5f00000| Complete 
|  96|0x00000000b6000000, 0x00000000b6100000, 0x00000000b6100000|100%|HS|  |TAMS 0x00000000b6100000, 0x00000000b6000000| Complete 
|  97|0x00000000b6100000, 0x00000000b6200000, 0x00000000b6200000|100%|HS|  |TAMS 0x00000000b6200000, 0x00000000b6100000| Complete 
|  98|0x00000000b6200000, 0x00000000b6300000, 0x00000000b6300000|100%|HC|  |TAMS 0x00000000b6300000, 0x00000000b6200000| Complete 
|  99|0x00000000b6300000, 0x00000000b6400000, 0x00000000b6400000|100%|HC|  |TAMS 0x00000000b6400000, 0x00000000b6300000| Complete 
| 100|0x00000000b6400000, 0x00000000b6500000, 0x00000000b6500000|100%|HC|  |TAMS 0x00000000b6500000, 0x00000000b6400000| Complete 
| 101|0x00000000b6500000, 0x00000000b6600000, 0x00000000b6600000|100%|HC|  |TAMS 0x00000000b6600000, 0x00000000b6500000| Complete 
| 102|0x00000000b6600000, 0x00000000b6700000, 0x00000000b6700000|100%|HC|  |TAMS 0x00000000b6700000, 0x00000000b6600000| Complete 
| 103|0x00000000b6700000, 0x00000000b6800000, 0x00000000b6800000|100%|HC|  |TAMS 0x00000000b6800000, 0x00000000b6700000| Complete 
| 104|0x00000000b6800000, 0x00000000b6900000, 0x00000000b6900000|100%|HC|  |TAMS 0x00000000b6900000, 0x00000000b6800000| Complete 
| 105|0x00000000b6900000, 0x00000000b6a00000, 0x00000000b6a00000|100%| O|  |TAMS 0x00000000b6a00000, 0x00000000b6900000| Untracked 
| 106|0x00000000b6a00000, 0x00000000b6b00000, 0x00000000b6b00000|100%| O|  |TAMS 0x00000000b6b00000, 0x00000000b6a00000| Untracked 
| 107|0x00000000b6b00000, 0x00000000b6c00000, 0x00000000b6c00000|100%| O|  |TAMS 0x00000000b6c00000, 0x00000000b6b00000| Untracked 
| 108|0x00000000b6c00000, 0x00000000b6d00000, 0x00000000b6d00000|100%| O|  |TAMS 0x00000000b6d00000, 0x00000000b6c00000| Untracked 
| 109|0x00000000b6d00000, 0x00000000b6e00000, 0x00000000b6e00000|100%| O|  |TAMS 0x00000000b6e00000, 0x00000000b6d00000| Untracked 
| 110|0x00000000b6e00000, 0x00000000b6f00000, 0x00000000b6f00000|100%| O|  |TAMS 0x00000000b6f00000, 0x00000000b6e00000| Untracked 
| 111|0x00000000b6f00000, 0x00000000b7000000, 0x00000000b7000000|100%| O|  |TAMS 0x00000000b7000000, 0x00000000b6f00000| Untracked 
| 112|0x00000000b7000000, 0x00000000b7100000, 0x00000000b7100000|100%| O|  |TAMS 0x00000000b7100000, 0x00000000b7000000| Untracked 
| 113|0x00000000b7100000, 0x00000000b7200000, 0x00000000b7200000|100%| O|  |TAMS 0x00000000b7200000, 0x00000000b7100000| Untracked 
| 114|0x00000000b7200000, 0x00000000b7300000, 0x00000000b7300000|100%|HS|  |TAMS 0x00000000b7300000, 0x00000000b7200000| Complete 
| 115|0x00000000b7300000, 0x00000000b7400000, 0x00000000b7400000|100%|HC|  |TAMS 0x00000000b7400000, 0x00000000b7300000| Complete 
| 116|0x00000000b7400000, 0x00000000b7500000, 0x00000000b7500000|100%|HS|  |TAMS 0x00000000b7500000, 0x00000000b7400000| Complete 
| 117|0x00000000b7500000, 0x00000000b7600000, 0x00000000b7600000|100%|HC|  |TAMS 0x00000000b7600000, 0x00000000b7500000| Complete 
| 118|0x00000000b7600000, 0x00000000b7700000, 0x00000000b7700000|100%| O|  |TAMS 0x00000000b7700000, 0x00000000b7600000| Untracked 
| 119|0x00000000b7700000, 0x00000000b7800000, 0x00000000b7800000|100%| O|  |TAMS 0x00000000b7800000, 0x00000000b7700000| Untracked 
| 120|0x00000000b7800000, 0x00000000b7900000, 0x00000000b7900000|100%|HS|  |TAMS 0x00000000b7900000, 0x00000000b7800000| Complete 
| 121|0x00000000b7900000, 0x00000000b7a00000, 0x00000000b7a00000|100%|HC|  |TAMS 0x00000000b7a00000, 0x00000000b7900000| Complete 
| 122|0x00000000b7a00000, 0x00000000b7b00000, 0x00000000b7b00000|100%|HS|  |TAMS 0x00000000b7b00000, 0x00000000b7a00000| Complete 
| 123|0x00000000b7b00000, 0x00000000b7c00000, 0x00000000b7c00000|100%|HC|  |TAMS 0x00000000b7c00000, 0x00000000b7b00000| Complete 
| 124|0x00000000b7c00000, 0x00000000b7d00000, 0x00000000b7d00000|100%| O|  |TAMS 0x00000000b7d00000, 0x00000000b7c00000| Untracked 
| 125|0x00000000b7d00000, 0x00000000b7e00000, 0x00000000b7e00000|100%| O|  |TAMS 0x00000000b7e00000, 0x00000000b7d00000| Untracked 
| 126|0x00000000b7e00000, 0x00000000b7f00000, 0x00000000b7f00000|100%| O|  |TAMS 0x00000000b7f00000, 0x00000000b7e00000| Untracked 
| 127|0x00000000b7f00000, 0x00000000b8000000, 0x00000000b8000000|100%| O|  |TAMS 0x00000000b8000000, 0x00000000b7f00000| Untracked 
| 128|0x00000000b8000000, 0x00000000b8100000, 0x00000000b8100000|100%| O|  |TAMS 0x00000000b8100000, 0x00000000b8000000| Untracked 
| 129|0x00000000b8100000, 0x00000000b8200000, 0x00000000b8200000|100%| O|  |TAMS 0x00000000b8200000, 0x00000000b8100000| Untracked 
| 130|0x00000000b8200000, 0x00000000b8300000, 0x00000000b8300000|100%| O|  |TAMS 0x00000000b8300000, 0x00000000b8200000| Untracked 
| 131|0x00000000b8300000, 0x00000000b8400000, 0x00000000b8400000|100%| O|  |TAMS 0x00000000b8400000, 0x00000000b8300000| Untracked 
| 132|0x00000000b8400000, 0x00000000b8500000, 0x00000000b8500000|100%| O|  |TAMS 0x00000000b8500000, 0x00000000b8400000| Untracked 
| 133|0x00000000b8500000, 0x00000000b8600000, 0x00000000b8600000|100%| O|  |TAMS 0x00000000b8600000, 0x00000000b8500000| Untracked 
| 134|0x00000000b8600000, 0x00000000b8700000, 0x00000000b8700000|100%| O|  |TAMS 0x00000000b8700000, 0x00000000b8600000| Untracked 
| 135|0x00000000b8700000, 0x00000000b8800000, 0x00000000b8800000|100%| O|  |TAMS 0x00000000b8800000, 0x00000000b8700000| Untracked 
| 136|0x00000000b8800000, 0x00000000b8900000, 0x00000000b8900000|100%| O|  |TAMS 0x00000000b8900000, 0x00000000b8800000| Untracked 
| 137|0x00000000b8900000, 0x00000000b8a00000, 0x00000000b8a00000|100%| O|  |TAMS 0x00000000b8a00000, 0x00000000b8900000| Untracked 
| 138|0x00000000b8a00000, 0x00000000b8b00000, 0x00000000b8b00000|100%| O|  |TAMS 0x00000000b8b00000, 0x00000000b8a00000| Untracked 
| 139|0x00000000b8b00000, 0x00000000b8c00000, 0x00000000b8c00000|100%| O|  |TAMS 0x00000000b8c00000, 0x00000000b8b00000| Untracked 
| 140|0x00000000b8c00000, 0x00000000b8d00000, 0x00000000b8d00000|100%| O|  |TAMS 0x00000000b8d00000, 0x00000000b8c00000| Untracked 
| 141|0x00000000b8d00000, 0x00000000b8e00000, 0x00000000b8e00000|100%| O|  |TAMS 0x00000000b8e00000, 0x00000000b8d00000| Untracked 
| 142|0x00000000b8e00000, 0x00000000b8f00000, 0x00000000b8f00000|100%| O|  |TAMS 0x00000000b8f00000, 0x00000000b8e00000| Untracked 
| 143|0x00000000b8f00000, 0x00000000b9000000, 0x00000000b9000000|100%| O|  |TAMS 0x00000000b9000000, 0x00000000b8f00000| Untracked 
| 144|0x00000000b9000000, 0x00000000b9100000, 0x00000000b9100000|100%| O|  |TAMS 0x00000000b9100000, 0x00000000b9000000| Untracked 
| 145|0x00000000b9100000, 0x00000000b9200000, 0x00000000b9200000|100%| O|  |TAMS 0x00000000b9200000, 0x00000000b9100000| Untracked 
| 146|0x00000000b9200000, 0x00000000b9300000, 0x00000000b9300000|100%| O|  |TAMS 0x00000000b9300000, 0x00000000b9200000| Untracked 
| 147|0x00000000b9300000, 0x00000000b9400000, 0x00000000b9400000|100%| O|  |TAMS 0x00000000b9400000, 0x00000000b9300000| Untracked 
| 148|0x00000000b9400000, 0x00000000b9500000, 0x00000000b9500000|100%| O|  |TAMS 0x00000000b9500000, 0x00000000b9400000| Untracked 
| 149|0x00000000b9500000, 0x00000000b9600000, 0x00000000b9600000|100%| O|  |TAMS 0x00000000b9600000, 0x00000000b9500000| Untracked 
| 150|0x00000000b9600000, 0x00000000b9700000, 0x00000000b9700000|100%| O|  |TAMS 0x00000000b9700000, 0x00000000b9600000| Untracked 
| 151|0x00000000b9700000, 0x00000000b9800000, 0x00000000b9800000|100%| O|  |TAMS 0x00000000b9800000, 0x00000000b9700000| Untracked 
| 152|0x00000000b9800000, 0x00000000b9900000, 0x00000000b9900000|100%| O|  |TAMS 0x00000000b9900000, 0x00000000b9800000| Untracked 
| 153|0x00000000b9900000, 0x00000000b9a00000, 0x00000000b9a00000|100%| O|  |TAMS 0x00000000b9a00000, 0x00000000b9900000| Untracked 
| 154|0x00000000b9a00000, 0x00000000b9b00000, 0x00000000b9b00000|100%| O|  |TAMS 0x00000000b9b00000, 0x00000000b9a00000| Untracked 
| 155|0x00000000b9b00000, 0x00000000b9c00000, 0x00000000b9c00000|100%| O|  |TAMS 0x00000000b9c00000, 0x00000000b9b00000| Untracked 
| 156|0x00000000b9c00000, 0x00000000b9d00000, 0x00000000b9d00000|100%| O|  |TAMS 0x00000000b9d00000, 0x00000000b9c00000| Untracked 
| 157|0x00000000b9d00000, 0x00000000b9e00000, 0x00000000b9e00000|100%| O|  |TAMS 0x00000000b9e00000, 0x00000000b9d00000| Untracked 
| 158|0x00000000b9e00000, 0x00000000b9f00000, 0x00000000b9f00000|100%| O|  |TAMS 0x00000000b9f00000, 0x00000000b9e00000| Untracked 
| 159|0x00000000b9f00000, 0x00000000ba000000, 0x00000000ba000000|100%| O|  |TAMS 0x00000000ba000000, 0x00000000b9f00000| Untracked 
| 160|0x00000000ba000000, 0x00000000ba100000, 0x00000000ba100000|100%| O|  |TAMS 0x00000000ba100000, 0x00000000ba000000| Untracked 
| 161|0x00000000ba100000, 0x00000000ba200000, 0x00000000ba200000|100%|HS|  |TAMS 0x00000000ba200000, 0x00000000ba100000| Complete 
| 162|0x00000000ba200000, 0x00000000ba300000, 0x00000000ba300000|100%| O|  |TAMS 0x00000000ba300000, 0x00000000ba200000| Untracked 
| 163|0x00000000ba300000, 0x00000000ba400000, 0x00000000ba400000|100%| O|  |TAMS 0x00000000ba400000, 0x00000000ba300000| Untracked 
| 164|0x00000000ba400000, 0x00000000ba500000, 0x00000000ba500000|100%|HS|  |TAMS 0x00000000ba500000, 0x00000000ba400000| Complete 
| 165|0x00000000ba500000, 0x00000000ba600000, 0x00000000ba600000|100%| O|  |TAMS 0x00000000ba600000, 0x00000000ba500000| Untracked 
| 166|0x00000000ba600000, 0x00000000ba700000, 0x00000000ba700000|100%| O|  |TAMS 0x00000000ba700000, 0x00000000ba600000| Untracked 
| 167|0x00000000ba700000, 0x00000000ba800000, 0x00000000ba800000|100%| O|  |TAMS 0x00000000ba800000, 0x00000000ba700000| Untracked 
| 168|0x00000000ba800000, 0x00000000ba900000, 0x00000000ba900000|100%| O|  |TAMS 0x00000000ba900000, 0x00000000ba800000| Untracked 
| 169|0x00000000ba900000, 0x00000000baa00000, 0x00000000baa00000|100%| O|  |TAMS 0x00000000baa00000, 0x00000000ba900000| Untracked 
| 170|0x00000000baa00000, 0x00000000bab00000, 0x00000000bab00000|100%| O|  |TAMS 0x00000000bab00000, 0x00000000baa00000| Untracked 
| 171|0x00000000bab00000, 0x00000000bac00000, 0x00000000bac00000|100%| O|  |TAMS 0x00000000bac00000, 0x00000000bab00000| Untracked 
| 172|0x00000000bac00000, 0x00000000bad00000, 0x00000000bad00000|100%| O|  |TAMS 0x00000000bad00000, 0x00000000bac00000| Untracked 
| 173|0x00000000bad00000, 0x00000000bae00000, 0x00000000bae00000|100%| O|  |TAMS 0x00000000bae00000, 0x00000000bad00000| Untracked 
| 174|0x00000000bae00000, 0x00000000baf00000, 0x00000000baf00000|100%| O|  |TAMS 0x00000000baf00000, 0x00000000bae00000| Untracked 
| 175|0x00000000baf00000, 0x00000000bb000000, 0x00000000bb000000|100%| O|  |TAMS 0x00000000bb000000, 0x00000000baf00000| Untracked 
| 176|0x00000000bb000000, 0x00000000bb100000, 0x00000000bb100000|100%| O|  |TAMS 0x00000000bb100000, 0x00000000bb000000| Untracked 
| 177|0x00000000bb100000, 0x00000000bb200000, 0x00000000bb200000|100%| O|  |TAMS 0x00000000bb200000, 0x00000000bb100000| Untracked 
| 178|0x00000000bb200000, 0x00000000bb300000, 0x00000000bb300000|100%| O|  |TAMS 0x00000000bb300000, 0x00000000bb200000| Untracked 
| 179|0x00000000bb300000, 0x00000000bb400000, 0x00000000bb400000|100%| O|  |TAMS 0x00000000bb400000, 0x00000000bb300000| Untracked 
| 180|0x00000000bb400000, 0x00000000bb500000, 0x00000000bb500000|100%| O|  |TAMS 0x00000000bb500000, 0x00000000bb400000| Untracked 
| 181|0x00000000bb500000, 0x00000000bb600000, 0x00000000bb600000|100%| O|  |TAMS 0x00000000bb600000, 0x00000000bb500000| Untracked 
| 182|0x00000000bb600000, 0x00000000bb700000, 0x00000000bb700000|100%| O|  |TAMS 0x00000000bb700000, 0x00000000bb600000| Untracked 
| 183|0x00000000bb700000, 0x00000000bb800000, 0x00000000bb800000|100%| O|  |TAMS 0x00000000bb700000, 0x00000000bb700000| Untracked 
| 184|0x00000000bb800000, 0x00000000bb900000, 0x00000000bb900000|100%| O|  |TAMS 0x00000000bb900000, 0x00000000bb800000| Untracked 
| 185|0x00000000bb900000, 0x00000000bba00000, 0x00000000bba00000|100%| O|  |TAMS 0x00000000bba00000, 0x00000000bb900000| Untracked 
| 186|0x00000000bba00000, 0x00000000bbb00000, 0x00000000bbb00000|100%| O|  |TAMS 0x00000000bbb00000, 0x00000000bba00000| Untracked 
| 187|0x00000000bbb00000, 0x00000000bbc00000, 0x00000000bbc00000|100%| O|  |TAMS 0x00000000bbc00000, 0x00000000bbb00000| Untracked 
| 188|0x00000000bbc00000, 0x00000000bbd00000, 0x00000000bbd00000|100%| O|  |TAMS 0x00000000bbd00000, 0x00000000bbc00000| Untracked 
| 189|0x00000000bbd00000, 0x00000000bbe00000, 0x00000000bbe00000|100%| O|  |TAMS 0x00000000bbe00000, 0x00000000bbd00000| Untracked 
| 190|0x00000000bbe00000, 0x00000000bbf00000, 0x00000000bbf00000|100%| O|  |TAMS 0x00000000bbf00000, 0x00000000bbe00000| Untracked 
| 191|0x00000000bbf00000, 0x00000000bc000000, 0x00000000bc000000|100%| O|  |TAMS 0x00000000bc000000, 0x00000000bbf00000| Untracked 
| 192|0x00000000bc000000, 0x00000000bc100000, 0x00000000bc100000|100%| O|  |TAMS 0x00000000bc100000, 0x00000000bc000000| Untracked 
| 193|0x00000000bc100000, 0x00000000bc200000, 0x00000000bc200000|100%| O|  |TAMS 0x00000000bc200000, 0x00000000bc100000| Untracked 
| 194|0x00000000bc200000, 0x00000000bc300000, 0x00000000bc300000|100%| O|  |TAMS 0x00000000bc300000, 0x00000000bc200000| Untracked 
| 195|0x00000000bc300000, 0x00000000bc400000, 0x00000000bc400000|100%| O|  |TAMS 0x00000000bc400000, 0x00000000bc300000| Untracked 
| 196|0x00000000bc400000, 0x00000000bc500000, 0x00000000bc500000|100%| O|  |TAMS 0x00000000bc500000, 0x00000000bc400000| Untracked 
| 197|0x00000000bc500000, 0x00000000bc600000, 0x00000000bc600000|100%| O|  |TAMS 0x00000000bc600000, 0x00000000bc500000| Untracked 
| 198|0x00000000bc600000, 0x00000000bc700000, 0x00000000bc700000|100%| O|  |TAMS 0x00000000bc700000, 0x00000000bc600000| Untracked 
| 199|0x00000000bc700000, 0x00000000bc800000, 0x00000000bc800000|100%| O|  |TAMS 0x00000000bc800000, 0x00000000bc700000| Untracked 
| 200|0x00000000bc800000, 0x00000000bc900000, 0x00000000bc900000|100%| O|  |TAMS 0x00000000bc900000, 0x00000000bc800000| Untracked 
| 201|0x00000000bc900000, 0x00000000bca00000, 0x00000000bca00000|100%| O|  |TAMS 0x00000000bca00000, 0x00000000bc900000| Untracked 
| 202|0x00000000bca00000, 0x00000000bcb00000, 0x00000000bcb00000|100%| O|  |TAMS 0x00000000bcb00000, 0x00000000bca00000| Untracked 
| 203|0x00000000bcb00000, 0x00000000bcc00000, 0x00000000bcc00000|100%| O|  |TAMS 0x00000000bcc00000, 0x00000000bcb00000| Untracked 
| 204|0x00000000bcc00000, 0x00000000bcd00000, 0x00000000bcd00000|100%| O|  |TAMS 0x00000000bcd00000, 0x00000000bcc00000| Untracked 
| 205|0x00000000bcd00000, 0x00000000bce00000, 0x00000000bce00000|100%| O|  |TAMS 0x00000000bce00000, 0x00000000bcd00000| Untracked 
| 206|0x00000000bce00000, 0x00000000bcf00000, 0x00000000bcf00000|100%| O|  |TAMS 0x00000000bcf00000, 0x00000000bce00000| Untracked 
| 207|0x00000000bcf00000, 0x00000000bd000000, 0x00000000bd000000|100%| O|  |TAMS 0x00000000bd000000, 0x00000000bcf00000| Untracked 
| 208|0x00000000bd000000, 0x00000000bd100000, 0x00000000bd100000|100%| O|  |TAMS 0x00000000bd100000, 0x00000000bd000000| Untracked 
| 209|0x00000000bd100000, 0x00000000bd200000, 0x00000000bd200000|100%| O|  |TAMS 0x00000000bd200000, 0x00000000bd100000| Untracked 
| 210|0x00000000bd200000, 0x00000000bd300000, 0x00000000bd300000|100%|HS|  |TAMS 0x00000000bd300000, 0x00000000bd200000| Complete 
| 211|0x00000000bd300000, 0x00000000bd400000, 0x00000000bd400000|100%| O|  |TAMS 0x00000000bd400000, 0x00000000bd300000| Untracked 
| 212|0x00000000bd400000, 0x00000000bd500000, 0x00000000bd500000|100%| O|  |TAMS 0x00000000bd500000, 0x00000000bd400000| Untracked 
| 213|0x00000000bd500000, 0x00000000bd600000, 0x00000000bd600000|100%| O|  |TAMS 0x00000000bd600000, 0x00000000bd500000| Untracked 
| 214|0x00000000bd600000, 0x00000000bd700000, 0x00000000bd700000|100%| O|  |TAMS 0x00000000bd600000, 0x00000000bd600000| Untracked 
| 215|0x00000000bd700000, 0x00000000bd800000, 0x00000000bd800000|100%| O|  |TAMS 0x00000000bd700000, 0x00000000bd700000| Untracked 
| 216|0x00000000bd800000, 0x00000000bd900000, 0x00000000bd900000|100%| O|  |TAMS 0x00000000bd900000, 0x00000000bd800000| Untracked 
| 217|0x00000000bd900000, 0x00000000bda00000, 0x00000000bda00000|100%| O|  |TAMS 0x00000000bda00000, 0x00000000bd900000| Untracked 
| 218|0x00000000bda00000, 0x00000000bdb00000, 0x00000000bdb00000|100%| O|  |TAMS 0x00000000bdb00000, 0x00000000bda00000| Untracked 
| 219|0x00000000bdb00000, 0x00000000bdc00000, 0x00000000bdc00000|100%| O|  |TAMS 0x00000000bdc00000, 0x00000000bdb00000| Untracked 
| 220|0x00000000bdc00000, 0x00000000bdd00000, 0x00000000bdd00000|100%| O|  |TAMS 0x00000000bdd00000, 0x00000000bdc00000| Untracked 
| 221|0x00000000bdd00000, 0x00000000bde00000, 0x00000000bde00000|100%| O|  |TAMS 0x00000000bdd00000, 0x00000000bdd00000| Untracked 
| 222|0x00000000bde00000, 0x00000000bdf00000, 0x00000000bdf00000|100%| O|  |TAMS 0x00000000bde00000, 0x00000000bde00000| Untracked 
| 223|0x00000000bdf00000, 0x00000000be000000, 0x00000000be000000|100%| O|  |TAMS 0x00000000be000000, 0x00000000bdf00000| Untracked 
| 224|0x00000000be000000, 0x00000000be100000, 0x00000000be100000|100%| O|  |TAMS 0x00000000be100000, 0x00000000be000000| Untracked 
| 225|0x00000000be100000, 0x00000000be200000, 0x00000000be200000|100%| O|  |TAMS 0x00000000be200000, 0x00000000be100000| Untracked 
| 226|0x00000000be200000, 0x00000000be300000, 0x00000000be300000|100%| O|  |TAMS 0x00000000be300000, 0x00000000be200000| Untracked 
| 227|0x00000000be300000, 0x00000000be400000, 0x00000000be400000|100%| O|  |TAMS 0x00000000be400000, 0x00000000be300000| Untracked 
| 228|0x00000000be400000, 0x00000000be500000, 0x00000000be500000|100%| O|  |TAMS 0x00000000be500000, 0x00000000be400000| Untracked 
| 229|0x00000000be500000, 0x00000000be600000, 0x00000000be600000|100%| O|  |TAMS 0x00000000be600000, 0x00000000be500000| Untracked 
| 230|0x00000000be600000, 0x00000000be700000, 0x00000000be700000|100%| O|  |TAMS 0x00000000be700000, 0x00000000be600000| Untracked 
| 231|0x00000000be700000, 0x00000000be800000, 0x00000000be800000|100%| O|  |TAMS 0x00000000be700000, 0x00000000be700000| Untracked 
| 232|0x00000000be800000, 0x00000000be800000, 0x00000000be900000|  0%| F|  |TAMS 0x00000000be800000, 0x00000000be800000| Untracked 
| 233|0x00000000be900000, 0x00000000be900000, 0x00000000bea00000|  0%| F|  |TAMS 0x00000000be900000, 0x00000000be900000| Untracked 
| 234|0x00000000bea00000, 0x00000000beb00000, 0x00000000beb00000|100%| O|  |TAMS 0x00000000beb00000, 0x00000000bea00000| Untracked 
| 235|0x00000000beb00000, 0x00000000bec00000, 0x00000000bec00000|100%| O|  |TAMS 0x00000000bec00000, 0x00000000beb00000| Untracked 
| 236|0x00000000bec00000, 0x00000000bed00000, 0x00000000bed00000|100%|HS|  |TAMS 0x00000000bed00000, 0x00000000bec00000| Complete 
| 237|0x00000000bed00000, 0x00000000bee00000, 0x00000000bee00000|100%| O|  |TAMS 0x00000000bee00000, 0x00000000bed00000| Untracked 
| 238|0x00000000bee00000, 0x00000000bef00000, 0x00000000bef00000|100%| O|  |TAMS 0x00000000bef00000, 0x00000000bee00000| Untracked 
| 239|0x00000000bef00000, 0x00000000bf000000, 0x00000000bf000000|100%| O|  |TAMS 0x00000000bf000000, 0x00000000bef00000| Untracked 
| 240|0x00000000bf000000, 0x00000000bf100000, 0x00000000bf100000|100%| O|  |TAMS 0x00000000bf100000, 0x00000000bf000000| Untracked 
| 241|0x00000000bf100000, 0x00000000bf200000, 0x00000000bf200000|100%|HS|  |TAMS 0x00000000bf100000, 0x00000000bf100000| Complete 
| 242|0x00000000bf200000, 0x00000000bf300000, 0x00000000bf300000|100%| O|  |TAMS 0x00000000bf300000, 0x00000000bf200000| Untracked 
| 243|0x00000000bf300000, 0x00000000bf400000, 0x00000000bf400000|100%| O|  |TAMS 0x00000000bf400000, 0x00000000bf300000| Untracked 
| 244|0x00000000bf400000, 0x00000000bf500000, 0x00000000bf500000|100%| O|  |TAMS 0x00000000bf500000, 0x00000000bf400000| Untracked 
| 245|0x00000000bf500000, 0x00000000bf600000, 0x00000000bf600000|100%| O|  |TAMS 0x00000000bf600000, 0x00000000bf500000| Untracked 
| 246|0x00000000bf600000, 0x00000000bf700000, 0x00000000bf700000|100%| O|  |TAMS 0x00000000bf700000, 0x00000000bf600000| Untracked 
| 247|0x00000000bf700000, 0x00000000bf800000, 0x00000000bf800000|100%| O|  |TAMS 0x00000000bf800000, 0x00000000bf700000| Untracked 
| 248|0x00000000bf800000, 0x00000000bf900000, 0x00000000bf900000|100%| O|  |TAMS 0x00000000bf900000, 0x00000000bf800000| Untracked 
| 249|0x00000000bf900000, 0x00000000bfa00000, 0x00000000bfa00000|100%|HS|  |TAMS 0x00000000bfa00000, 0x00000000bf900000| Complete 
| 250|0x00000000bfa00000, 0x00000000bfb00000, 0x00000000bfb00000|100%| O|  |TAMS 0x00000000bfb00000, 0x00000000bfa00000| Untracked 
| 251|0x00000000bfb00000, 0x00000000bfc00000, 0x00000000bfc00000|100%| O|  |TAMS 0x00000000bfc00000, 0x00000000bfb00000| Untracked 
| 252|0x00000000bfc00000, 0x00000000bfd00000, 0x00000000bfd00000|100%| O|  |TAMS 0x00000000bfc00000, 0x00000000bfc00000| Untracked 
| 253|0x00000000bfd00000, 0x00000000bfe00000, 0x00000000bfe00000|100%| O|  |TAMS 0x00000000bfe00000, 0x00000000bfd00000| Untracked 
| 254|0x00000000bfe00000, 0x00000000bff00000, 0x00000000bff00000|100%| O|  |TAMS 0x00000000bff00000, 0x00000000bfe00000| Untracked 
| 255|0x00000000bff00000, 0x00000000c0000000, 0x00000000c0000000|100%| O|  |TAMS 0x00000000c0000000, 0x00000000bff00000| Untracked 
| 256|0x00000000c0000000, 0x00000000c0100000, 0x00000000c0100000|100%| O|  |TAMS 0x00000000c0100000, 0x00000000c0000000| Untracked 
| 257|0x00000000c0100000, 0x00000000c0151c00, 0x00000000c0200000| 31%| O|  |TAMS 0x00000000c0100000, 0x00000000c0100000| Untracked 
| 258|0x00000000c0200000, 0x00000000c0300000, 0x00000000c0300000|100%| O|  |TAMS 0x00000000c0300000, 0x00000000c0200000| Untracked 
| 259|0x00000000c0300000, 0x00000000c0400000, 0x00000000c0400000|100%| O|  |TAMS 0x00000000c0400000, 0x00000000c0300000| Untracked 
| 260|0x00000000c0400000, 0x00000000c0500000, 0x00000000c0500000|100%| O|  |TAMS 0x00000000c0500000, 0x00000000c0400000| Untracked 
| 261|0x00000000c0500000, 0x00000000c0600000, 0x00000000c0600000|100%| O|  |TAMS 0x00000000c0600000, 0x00000000c0500000| Untracked 
| 262|0x00000000c0600000, 0x00000000c0700000, 0x00000000c0700000|100%| O|  |TAMS 0x00000000c0700000, 0x00000000c0600000| Complete 
| 263|0x00000000c0700000, 0x00000000c0800000, 0x00000000c0800000|100%|HS|  |TAMS 0x00000000c0700000, 0x00000000c0700000| Complete 
| 264|0x00000000c0800000, 0x00000000c0800000, 0x00000000c0900000|  0%| F|  |TAMS 0x00000000c0800000, 0x00000000c0800000| Untracked 
| 265|0x00000000c0900000, 0x00000000c0a00000, 0x00000000c0a00000|100%| O|  |TAMS 0x00000000c0a00000, 0x00000000c0900000| Untracked 
| 266|0x00000000c0a00000, 0x00000000c0b00000, 0x00000000c0b00000|100%| O|  |TAMS 0x00000000c0b00000, 0x00000000c0a00000| Complete 
| 267|0x00000000c0b00000, 0x00000000c0b00000, 0x00000000c0c00000|  0%| F|  |TAMS 0x00000000c0b00000, 0x00000000c0b00000| Untracked 
| 268|0x00000000c0c00000, 0x00000000c0d00000, 0x00000000c0d00000|100%| O|  |TAMS 0x00000000c0d00000, 0x00000000c0c00000| Untracked 
| 269|0x00000000c0d00000, 0x00000000c0d00000, 0x00000000c0e00000|  0%| F|  |TAMS 0x00000000c0d00000, 0x00000000c0d00000| Untracked 
| 270|0x00000000c0e00000, 0x00000000c0f00000, 0x00000000c0f00000|100%| O|  |TAMS 0x00000000c0f00000, 0x00000000c0e00000| Untracked 
| 271|0x00000000c0f00000, 0x00000000c1000000, 0x00000000c1000000|100%| O|  |TAMS 0x00000000c1000000, 0x00000000c0f00000| Untracked 
| 272|0x00000000c1000000, 0x00000000c1100000, 0x00000000c1100000|100%| O|  |TAMS 0x00000000c1100000, 0x00000000c1000000| Untracked 
| 273|0x00000000c1100000, 0x00000000c1200000, 0x00000000c1200000|100%| O|  |TAMS 0x00000000c1200000, 0x00000000c1100000| Untracked 
| 274|0x00000000c1200000, 0x00000000c1200000, 0x00000000c1300000|  0%| F|  |TAMS 0x00000000c1200000, 0x00000000c1200000| Untracked 
| 275|0x00000000c1300000, 0x00000000c1400000, 0x00000000c1400000|100%| O|  |TAMS 0x00000000c1400000, 0x00000000c1300000| Untracked 
| 276|0x00000000c1400000, 0x00000000c1500000, 0x00000000c1500000|100%| O|  |TAMS 0x00000000c1500000, 0x00000000c1400000| Untracked 
| 277|0x00000000c1500000, 0x00000000c1600000, 0x00000000c1600000|100%| O|  |TAMS 0x00000000c1600000, 0x00000000c1500000| Untracked 
| 278|0x00000000c1600000, 0x00000000c1700000, 0x00000000c1700000|100%| O|  |TAMS 0x00000000c1700000, 0x00000000c1600000| Untracked 
| 279|0x00000000c1700000, 0x00000000c1700000, 0x00000000c1800000|  0%| F|  |TAMS 0x00000000c1700000, 0x00000000c1700000| Untracked 
| 280|0x00000000c1800000, 0x00000000c1900000, 0x00000000c1900000|100%| O|  |TAMS 0x00000000c1900000, 0x00000000c1800000| Untracked 
| 281|0x00000000c1900000, 0x00000000c1900000, 0x00000000c1a00000|  0%| F|  |TAMS 0x00000000c1900000, 0x00000000c1900000| Untracked 
| 282|0x00000000c1a00000, 0x00000000c1b00000, 0x00000000c1b00000|100%| O|  |TAMS 0x00000000c1b00000, 0x00000000c1a00000| Untracked 
| 283|0x00000000c1b00000, 0x00000000c1c00000, 0x00000000c1c00000|100%| O|  |TAMS 0x00000000c1c00000, 0x00000000c1b00000| Untracked 
| 284|0x00000000c1c00000, 0x00000000c1d00000, 0x00000000c1d00000|100%| O|  |TAMS 0x00000000c1d00000, 0x00000000c1c00000| Complete 
| 285|0x00000000c1d00000, 0x00000000c1e00000, 0x00000000c1e00000|100%| O|  |TAMS 0x00000000c1e00000, 0x00000000c1d00000| Untracked 
| 286|0x00000000c1e00000, 0x00000000c1f00000, 0x00000000c1f00000|100%| O|  |TAMS 0x00000000c1f00000, 0x00000000c1e00000| Untracked 
| 287|0x00000000c1f00000, 0x00000000c2000000, 0x00000000c2000000|100%| O|  |TAMS 0x00000000c2000000, 0x00000000c1f00000| Untracked 
| 288|0x00000000c2000000, 0x00000000c2100000, 0x00000000c2100000|100%| O|  |TAMS 0x00000000c2100000, 0x00000000c2000000| Untracked 
| 289|0x00000000c2100000, 0x00000000c2200000, 0x00000000c2200000|100%| O|  |TAMS 0x00000000c2200000, 0x00000000c2100000| Untracked 
| 290|0x00000000c2200000, 0x00000000c2300000, 0x00000000c2300000|100%|HS|  |TAMS 0x00000000c2300000, 0x00000000c2200000| Complete 
| 291|0x00000000c2300000, 0x00000000c2400000, 0x00000000c2400000|100%| O|  |TAMS 0x00000000c2400000, 0x00000000c2300000| Untracked 
| 292|0x00000000c2400000, 0x00000000c2400000, 0x00000000c2500000|  0%| F|  |TAMS 0x00000000c2400000, 0x00000000c2400000| Untracked 
| 293|0x00000000c2500000, 0x00000000c2600000, 0x00000000c2600000|100%| O|  |TAMS 0x00000000c2600000, 0x00000000c2500000| Untracked 
| 294|0x00000000c2600000, 0x00000000c2700000, 0x00000000c2700000|100%| O|  |TAMS 0x00000000c2700000, 0x00000000c2600000| Untracked 
| 295|0x00000000c2700000, 0x00000000c2800000, 0x00000000c2800000|100%| O|  |TAMS 0x00000000c2800000, 0x00000000c2700000| Untracked 
| 296|0x00000000c2800000, 0x00000000c2900000, 0x00000000c2900000|100%| O|  |TAMS 0x00000000c2900000, 0x00000000c2800000| Untracked 
| 297|0x00000000c2900000, 0x00000000c2900000, 0x00000000c2a00000|  0%| F|  |TAMS 0x00000000c2900000, 0x00000000c2900000| Untracked 
| 298|0x00000000c2a00000, 0x00000000c2b00000, 0x00000000c2b00000|100%| O|  |TAMS 0x00000000c2b00000, 0x00000000c2a00000| Untracked 
| 299|0x00000000c2b00000, 0x00000000c2c00000, 0x00000000c2c00000|100%| O|  |TAMS 0x00000000c2c00000, 0x00000000c2b00000| Untracked 
| 300|0x00000000c2c00000, 0x00000000c2d00000, 0x00000000c2d00000|100%| O|  |TAMS 0x00000000c2d00000, 0x00000000c2c00000| Untracked 
| 301|0x00000000c2d00000, 0x00000000c2e00000, 0x00000000c2e00000|100%| O|  |TAMS 0x00000000c2e00000, 0x00000000c2d00000| Untracked 
| 302|0x00000000c2e00000, 0x00000000c2f00000, 0x00000000c2f00000|100%| O|  |TAMS 0x00000000c2f00000, 0x00000000c2e00000| Complete 
| 303|0x00000000c2f00000, 0x00000000c3000000, 0x00000000c3000000|100%|HS|  |TAMS 0x00000000c3000000, 0x00000000c2f00000| Complete 
| 304|0x00000000c3000000, 0x00000000c3100000, 0x00000000c3100000|100%| O|  |TAMS 0x00000000c3100000, 0x00000000c3000000| Untracked 
| 305|0x00000000c3100000, 0x00000000c3200000, 0x00000000c3200000|100%| O|  |TAMS 0x00000000c3200000, 0x00000000c3100000| Untracked 
| 306|0x00000000c3200000, 0x00000000c3300000, 0x00000000c3300000|100%| O|  |TAMS 0x00000000c3300000, 0x00000000c3200000| Untracked 
| 307|0x00000000c3300000, 0x00000000c3400000, 0x00000000c3400000|100%| O|  |TAMS 0x00000000c3400000, 0x00000000c3300000| Untracked 
| 308|0x00000000c3400000, 0x00000000c3400000, 0x00000000c3500000|  0%| F|  |TAMS 0x00000000c3400000, 0x00000000c3400000| Untracked 
| 309|0x00000000c3500000, 0x00000000c3500000, 0x00000000c3600000|  0%| F|  |TAMS 0x00000000c3500000, 0x00000000c3500000| Untracked 
| 310|0x00000000c3600000, 0x00000000c3700000, 0x00000000c3700000|100%| O|  |TAMS 0x00000000c3700000, 0x00000000c3600000| Untracked 
| 311|0x00000000c3700000, 0x00000000c3800000, 0x00000000c3800000|100%| O|  |TAMS 0x00000000c3800000, 0x00000000c3700000| Untracked 
| 312|0x00000000c3800000, 0x00000000c3900000, 0x00000000c3900000|100%| O|  |TAMS 0x00000000c3900000, 0x00000000c3800000| Untracked 
| 313|0x00000000c3900000, 0x00000000c3a00000, 0x00000000c3a00000|100%| O|  |TAMS 0x00000000c3a00000, 0x00000000c3900000| Untracked 
| 314|0x00000000c3a00000, 0x00000000c3b00000, 0x00000000c3b00000|100%| O|  |TAMS 0x00000000c3b00000, 0x00000000c3a00000| Untracked 
| 315|0x00000000c3b00000, 0x00000000c3c00000, 0x00000000c3c00000|100%| O|  |TAMS 0x00000000c3c00000, 0x00000000c3b00000| Untracked 
| 316|0x00000000c3c00000, 0x00000000c3d00000, 0x00000000c3d00000|100%| O|  |TAMS 0x00000000c3d00000, 0x00000000c3c00000| Complete 
| 317|0x00000000c3d00000, 0x00000000c3e00000, 0x00000000c3e00000|100%| O|  |TAMS 0x00000000c3e00000, 0x00000000c3d00000| Untracked 
| 318|0x00000000c3e00000, 0x00000000c3f00000, 0x00000000c3f00000|100%| O|  |TAMS 0x00000000c3f00000, 0x00000000c3e00000| Untracked 
| 319|0x00000000c3f00000, 0x00000000c4000000, 0x00000000c4000000|100%| O|  |TAMS 0x00000000c4000000, 0x00000000c3f00000| Untracked 
| 320|0x00000000c4000000, 0x00000000c4100000, 0x00000000c4100000|100%| O|  |TAMS 0x00000000c4100000, 0x00000000c4000000| Complete 
| 321|0x00000000c4100000, 0x00000000c4100000, 0x00000000c4200000|  0%| F|  |TAMS 0x00000000c4100000, 0x00000000c4100000| Untracked 
| 322|0x00000000c4200000, 0x00000000c4200000, 0x00000000c4300000|  0%| F|  |TAMS 0x00000000c4200000, 0x00000000c4200000| Untracked 
| 323|0x00000000c4300000, 0x00000000c4300000, 0x00000000c4400000|  0%| F|  |TAMS 0x00000000c4300000, 0x00000000c4300000| Untracked 
| 324|0x00000000c4400000, 0x00000000c4500000, 0x00000000c4500000|100%|HS|  |TAMS 0x00000000c4500000, 0x00000000c4400000| Complete 
| 325|0x00000000c4500000, 0x00000000c4600000, 0x00000000c4600000|100%| O|  |TAMS 0x00000000c4600000, 0x00000000c4500000| Untracked 
| 326|0x00000000c4600000, 0x00000000c4700000, 0x00000000c4700000|100%| O|  |TAMS 0x00000000c4700000, 0x00000000c4600000| Complete 
| 327|0x00000000c4700000, 0x00000000c4800000, 0x00000000c4800000|100%| O|  |TAMS 0x00000000c4800000, 0x00000000c4700000| Untracked 
| 328|0x00000000c4800000, 0x00000000c4800000, 0x00000000c4900000|  0%| F|  |TAMS 0x00000000c4800000, 0x00000000c4800000| Untracked 
| 329|0x00000000c4900000, 0x00000000c4900000, 0x00000000c4a00000|  0%| F|  |TAMS 0x00000000c4900000, 0x00000000c4900000| Untracked 
| 330|0x00000000c4a00000, 0x00000000c4b00000, 0x00000000c4b00000|100%| O|  |TAMS 0x00000000c4b00000, 0x00000000c4a00000| Complete 
| 331|0x00000000c4b00000, 0x00000000c4c00000, 0x00000000c4c00000|100%| O|  |TAMS 0x00000000c4c00000, 0x00000000c4b00000| Untracked 
| 332|0x00000000c4c00000, 0x00000000c4d00000, 0x00000000c4d00000|100%| O|  |TAMS 0x00000000c4d00000, 0x00000000c4c00000| Untracked 
| 333|0x00000000c4d00000, 0x00000000c4e00000, 0x00000000c4e00000|100%| O|  |TAMS 0x00000000c4e00000, 0x00000000c4d00000| Untracked 
| 334|0x00000000c4e00000, 0x00000000c4f00000, 0x00000000c4f00000|100%|HS|  |TAMS 0x00000000c4f00000, 0x00000000c4e00000| Complete 
| 335|0x00000000c4f00000, 0x00000000c5000000, 0x00000000c5000000|100%|HC|  |TAMS 0x00000000c5000000, 0x00000000c4f00000| Complete 
| 336|0x00000000c5000000, 0x00000000c5000000, 0x00000000c5100000|  0%| F|  |TAMS 0x00000000c5000000, 0x00000000c5000000| Untracked 
| 337|0x00000000c5100000, 0x00000000c5100000, 0x00000000c5200000|  0%| F|  |TAMS 0x00000000c5100000, 0x00000000c5100000| Untracked 
| 338|0x00000000c5200000, 0x00000000c5200000, 0x00000000c5300000|  0%| F|  |TAMS 0x00000000c5200000, 0x00000000c5200000| Untracked 
| 339|0x00000000c5300000, 0x00000000c5400000, 0x00000000c5400000|100%| O|  |TAMS 0x00000000c5400000, 0x00000000c5300000| Untracked 
| 340|0x00000000c5400000, 0x00000000c5500000, 0x00000000c5500000|100%| O|  |TAMS 0x00000000c5500000, 0x00000000c5400000| Untracked 
| 341|0x00000000c5500000, 0x00000000c5600000, 0x00000000c5600000|100%| O|  |TAMS 0x00000000c5600000, 0x00000000c5500000| Untracked 
| 342|0x00000000c5600000, 0x00000000c5700000, 0x00000000c5700000|100%| O|  |TAMS 0x00000000c5700000, 0x00000000c5600000| Untracked 
| 343|0x00000000c5700000, 0x00000000c5700000, 0x00000000c5800000|  0%| F|  |TAMS 0x00000000c5700000, 0x00000000c5700000| Untracked 
| 344|0x00000000c5800000, 0x00000000c5900000, 0x00000000c5900000|100%| O|  |TAMS 0x00000000c5900000, 0x00000000c5800000| Untracked 
| 345|0x00000000c5900000, 0x00000000c5a00000, 0x00000000c5a00000|100%| O|  |TAMS 0x00000000c5a00000, 0x00000000c5900000| Untracked 
| 346|0x00000000c5a00000, 0x00000000c5b00000, 0x00000000c5b00000|100%| O|  |TAMS 0x00000000c5b00000, 0x00000000c5a00000| Untracked 
| 347|0x00000000c5b00000, 0x00000000c5c00000, 0x00000000c5c00000|100%| O|  |TAMS 0x00000000c5c00000, 0x00000000c5b00000| Untracked 
| 348|0x00000000c5c00000, 0x00000000c5d00000, 0x00000000c5d00000|100%| O|  |TAMS 0x00000000c5d00000, 0x00000000c5c00000| Untracked 
| 349|0x00000000c5d00000, 0x00000000c5e00000, 0x00000000c5e00000|100%| O|  |TAMS 0x00000000c5e00000, 0x00000000c5d00000| Untracked 
| 350|0x00000000c5e00000, 0x00000000c5f00000, 0x00000000c5f00000|100%| O|  |TAMS 0x00000000c5f00000, 0x00000000c5e00000| Untracked 
| 351|0x00000000c5f00000, 0x00000000c6000000, 0x00000000c6000000|100%|HS|  |TAMS 0x00000000c6000000, 0x00000000c5f00000| Complete 
| 352|0x00000000c6000000, 0x00000000c6100000, 0x00000000c6100000|100%|HC|  |TAMS 0x00000000c6100000, 0x00000000c6000000| Complete 
| 353|0x00000000c6100000, 0x00000000c6200000, 0x00000000c6200000|100%|HC|  |TAMS 0x00000000c6200000, 0x00000000c6100000| Complete 
| 354|0x00000000c6200000, 0x00000000c6300000, 0x00000000c6300000|100%|HC|  |TAMS 0x00000000c6300000, 0x00000000c6200000| Complete 
| 355|0x00000000c6300000, 0x00000000c6400000, 0x00000000c6400000|100%|HC|  |TAMS 0x00000000c6400000, 0x00000000c6300000| Complete 
| 356|0x00000000c6400000, 0x00000000c6500000, 0x00000000c6500000|100%|HC|  |TAMS 0x00000000c6500000, 0x00000000c6400000| Complete 
| 357|0x00000000c6500000, 0x00000000c6600000, 0x00000000c6600000|100%| O|  |TAMS 0x00000000c6600000, 0x00000000c6500000| Complete 
| 358|0x00000000c6600000, 0x00000000c6700000, 0x00000000c6700000|100%| O|  |TAMS 0x00000000c6700000, 0x00000000c6600000| Complete 
| 359|0x00000000c6700000, 0x00000000c6800000, 0x00000000c6800000|100%| O|  |TAMS 0x00000000c6800000, 0x00000000c6700000| Untracked 
| 360|0x00000000c6800000, 0x00000000c6900000, 0x00000000c6900000|100%| O|  |TAMS 0x00000000c6900000, 0x00000000c6800000| Untracked 
| 361|0x00000000c6900000, 0x00000000c6a00000, 0x00000000c6a00000|100%| O|  |TAMS 0x00000000c6a00000, 0x00000000c6900000| Untracked 
| 362|0x00000000c6a00000, 0x00000000c6b00000, 0x00000000c6b00000|100%|HS|  |TAMS 0x00000000c6b00000, 0x00000000c6a00000| Complete 
| 363|0x00000000c6b00000, 0x00000000c6c00000, 0x00000000c6c00000|100%| O|  |TAMS 0x00000000c6c00000, 0x00000000c6b00000| Untracked 
| 364|0x00000000c6c00000, 0x00000000c6d00000, 0x00000000c6d00000|100%| O|  |TAMS 0x00000000c6d00000, 0x00000000c6c00000| Untracked 
| 365|0x00000000c6d00000, 0x00000000c6e00000, 0x00000000c6e00000|100%| O|  |TAMS 0x00000000c6e00000, 0x00000000c6d00000| Untracked 
| 366|0x00000000c6e00000, 0x00000000c6e00000, 0x00000000c6f00000|  0%| F|  |TAMS 0x00000000c6e00000, 0x00000000c6e00000| Untracked 
| 367|0x00000000c6f00000, 0x00000000c6f00000, 0x00000000c7000000|  0%| F|  |TAMS 0x00000000c6f00000, 0x00000000c6f00000| Untracked 
| 368|0x00000000c7000000, 0x00000000c7000000, 0x00000000c7100000|  0%| F|  |TAMS 0x00000000c7000000, 0x00000000c7000000| Untracked 
| 369|0x00000000c7100000, 0x00000000c7200000, 0x00000000c7200000|100%| O|  |TAMS 0x00000000c7200000, 0x00000000c7100000| Untracked 
| 370|0x00000000c7200000, 0x00000000c7300000, 0x00000000c7300000|100%| O|  |TAMS 0x00000000c7300000, 0x00000000c7200000| Untracked 
| 371|0x00000000c7300000, 0x00000000c7400000, 0x00000000c7400000|100%| O|  |TAMS 0x00000000c7400000, 0x00000000c7300000| Untracked 
| 372|0x00000000c7400000, 0x00000000c7500000, 0x00000000c7500000|100%| O|  |TAMS 0x00000000c7500000, 0x00000000c7400000| Untracked 
| 373|0x00000000c7500000, 0x00000000c7600000, 0x00000000c7600000|100%| O|  |TAMS 0x00000000c7600000, 0x00000000c7500000| Untracked 
| 374|0x00000000c7600000, 0x00000000c7700000, 0x00000000c7700000|100%| O|  |TAMS 0x00000000c7700000, 0x00000000c7600000| Untracked 
| 375|0x00000000c7700000, 0x00000000c7800000, 0x00000000c7800000|100%|HS|  |TAMS 0x00000000c7800000, 0x00000000c7700000| Complete 
| 376|0x00000000c7800000, 0x00000000c7900000, 0x00000000c7900000|100%|HC|  |TAMS 0x00000000c7900000, 0x00000000c7800000| Complete 
| 377|0x00000000c7900000, 0x00000000c7a00000, 0x00000000c7a00000|100%|HC|  |TAMS 0x00000000c7a00000, 0x00000000c7900000| Complete 
| 378|0x00000000c7a00000, 0x00000000c7b00000, 0x00000000c7b00000|100%|HS|  |TAMS 0x00000000c7b00000, 0x00000000c7a00000| Complete 
| 379|0x00000000c7b00000, 0x00000000c7c00000, 0x00000000c7c00000|100%|HC|  |TAMS 0x00000000c7c00000, 0x00000000c7b00000| Complete 
| 380|0x00000000c7c00000, 0x00000000c7d00000, 0x00000000c7d00000|100%|HC|  |TAMS 0x00000000c7d00000, 0x00000000c7c00000| Complete 
| 381|0x00000000c7d00000, 0x00000000c7e00000, 0x00000000c7e00000|100%|HC|  |TAMS 0x00000000c7e00000, 0x00000000c7d00000| Complete 
| 382|0x00000000c7e00000, 0x00000000c7f00000, 0x00000000c7f00000|100%|HC|  |TAMS 0x00000000c7f00000, 0x00000000c7e00000| Complete 
| 383|0x00000000c7f00000, 0x00000000c8000000, 0x00000000c8000000|100%|HC|  |TAMS 0x00000000c8000000, 0x00000000c7f00000| Complete 
| 384|0x00000000c8000000, 0x00000000c8000000, 0x00000000c8100000|  0%| F|  |TAMS 0x00000000c8000000, 0x00000000c8000000| Untracked 
| 385|0x00000000c8100000, 0x00000000c8200000, 0x00000000c8200000|100%| O|  |TAMS 0x00000000c8200000, 0x00000000c8100000| Untracked 
| 386|0x00000000c8200000, 0x00000000c8300000, 0x00000000c8300000|100%| O|  |TAMS 0x00000000c8300000, 0x00000000c8200000| Untracked 
| 387|0x00000000c8300000, 0x00000000c8300000, 0x00000000c8400000|  0%| F|  |TAMS 0x00000000c8300000, 0x00000000c8300000| Untracked 
| 388|0x00000000c8400000, 0x00000000c8400000, 0x00000000c8500000|  0%| F|  |TAMS 0x00000000c8400000, 0x00000000c8400000| Untracked 
| 389|0x00000000c8500000, 0x00000000c8500000, 0x00000000c8600000|  0%| F|  |TAMS 0x00000000c8500000, 0x00000000c8500000| Untracked 
| 390|0x00000000c8600000, 0x00000000c8700000, 0x00000000c8700000|100%| O|  |TAMS 0x00000000c8700000, 0x00000000c8600000| Untracked 
| 391|0x00000000c8700000, 0x00000000c8700000, 0x00000000c8800000|  0%| F|  |TAMS 0x00000000c8700000, 0x00000000c8700000| Untracked 
| 392|0x00000000c8800000, 0x00000000c8900000, 0x00000000c8900000|100%|HS|  |TAMS 0x00000000c8900000, 0x00000000c8800000| Complete 
| 393|0x00000000c8900000, 0x00000000c8a00000, 0x00000000c8a00000|100%|HC|  |TAMS 0x00000000c8a00000, 0x00000000c8900000| Complete 
| 394|0x00000000c8a00000, 0x00000000c8b00000, 0x00000000c8b00000|100%| O|  |TAMS 0x00000000c8b00000, 0x00000000c8a00000| Untracked 
| 395|0x00000000c8b00000, 0x00000000c8c00000, 0x00000000c8c00000|100%| O|  |TAMS 0x00000000c8c00000, 0x00000000c8b00000| Untracked 
| 396|0x00000000c8c00000, 0x00000000c8d00000, 0x00000000c8d00000|100%| O|  |TAMS 0x00000000c8d00000, 0x00000000c8c00000| Untracked 
| 397|0x00000000c8d00000, 0x00000000c8e00000, 0x00000000c8e00000|100%| O|  |TAMS 0x00000000c8e00000, 0x00000000c8d00000| Untracked 
| 398|0x00000000c8e00000, 0x00000000c8f00000, 0x00000000c8f00000|100%| O|  |TAMS 0x00000000c8f00000, 0x00000000c8e00000| Untracked 
| 399|0x00000000c8f00000, 0x00000000c9000000, 0x00000000c9000000|100%| O|  |TAMS 0x00000000c9000000, 0x00000000c8f00000| Untracked 
| 400|0x00000000c9000000, 0x00000000c9100000, 0x00000000c9100000|100%| O|  |TAMS 0x00000000c9100000, 0x00000000c9000000| Untracked 
| 401|0x00000000c9100000, 0x00000000c9200000, 0x00000000c9200000|100%| O|  |TAMS 0x00000000c9200000, 0x00000000c9100000| Untracked 
| 402|0x00000000c9200000, 0x00000000c9300000, 0x00000000c9300000|100%| O|  |TAMS 0x00000000c9300000, 0x00000000c9200000| Untracked 
| 403|0x00000000c9300000, 0x00000000c9400000, 0x00000000c9400000|100%| O|  |TAMS 0x00000000c9400000, 0x00000000c9300000| Untracked 
| 404|0x00000000c9400000, 0x00000000c9500000, 0x00000000c9500000|100%| O|  |TAMS 0x00000000c9500000, 0x00000000c9400000| Untracked 
| 405|0x00000000c9500000, 0x00000000c9600000, 0x00000000c9600000|100%| O|  |TAMS 0x00000000c9600000, 0x00000000c9500000| Complete 
| 406|0x00000000c9600000, 0x00000000c9600000, 0x00000000c9700000|  0%| F|  |TAMS 0x00000000c9600000, 0x00000000c9600000| Untracked 
| 407|0x00000000c9700000, 0x00000000c9800000, 0x00000000c9800000|100%| O|  |TAMS 0x00000000c9800000, 0x00000000c9700000| Complete 
| 408|0x00000000c9800000, 0x00000000c9900000, 0x00000000c9900000|100%| O|  |TAMS 0x00000000c9900000, 0x00000000c9800000| Untracked 
| 409|0x00000000c9900000, 0x00000000c9900000, 0x00000000c9a00000|  0%| F|  |TAMS 0x00000000c9900000, 0x00000000c9900000| Untracked 
| 410|0x00000000c9a00000, 0x00000000c9b00000, 0x00000000c9b00000|100%| O|  |TAMS 0x00000000c9b00000, 0x00000000c9a00000| Untracked 
| 411|0x00000000c9b00000, 0x00000000c9c00000, 0x00000000c9c00000|100%| O|  |TAMS 0x00000000c9c00000, 0x00000000c9b00000| Untracked 
| 412|0x00000000c9c00000, 0x00000000c9d00000, 0x00000000c9d00000|100%| O|  |TAMS 0x00000000c9d00000, 0x00000000c9c00000| Untracked 
| 413|0x00000000c9d00000, 0x00000000c9d00000, 0x00000000c9e00000|  0%| F|  |TAMS 0x00000000c9d00000, 0x00000000c9d00000| Untracked 
| 414|0x00000000c9e00000, 0x00000000c9e00000, 0x00000000c9f00000|  0%| F|  |TAMS 0x00000000c9e00000, 0x00000000c9e00000| Untracked 
| 415|0x00000000c9f00000, 0x00000000ca000000, 0x00000000ca000000|100%| O|  |TAMS 0x00000000ca000000, 0x00000000c9f00000| Untracked 
| 416|0x00000000ca000000, 0x00000000ca000000, 0x00000000ca100000|  0%| F|  |TAMS 0x00000000ca000000, 0x00000000ca000000| Untracked 
| 417|0x00000000ca100000, 0x00000000ca100000, 0x00000000ca200000|  0%| F|  |TAMS 0x00000000ca100000, 0x00000000ca100000| Untracked 
| 418|0x00000000ca200000, 0x00000000ca300000, 0x00000000ca300000|100%| O|  |TAMS 0x00000000ca300000, 0x00000000ca200000| Complete 
| 419|0x00000000ca300000, 0x00000000ca400000, 0x00000000ca400000|100%| O|  |TAMS 0x00000000ca400000, 0x00000000ca300000| Untracked 
| 420|0x00000000ca400000, 0x00000000ca500000, 0x00000000ca500000|100%| O|  |TAMS 0x00000000ca500000, 0x00000000ca400000| Untracked 
| 421|0x00000000ca500000, 0x00000000ca600000, 0x00000000ca600000|100%| O|  |TAMS 0x00000000ca600000, 0x00000000ca500000| Untracked 
| 422|0x00000000ca600000, 0x00000000ca600000, 0x00000000ca700000|  0%| F|  |TAMS 0x00000000ca600000, 0x00000000ca600000| Untracked 
| 423|0x00000000ca700000, 0x00000000ca800000, 0x00000000ca800000|100%| O|  |TAMS 0x00000000ca800000, 0x00000000ca700000| Untracked 
| 424|0x00000000ca800000, 0x00000000ca800000, 0x00000000ca900000|  0%| F|  |TAMS 0x00000000ca800000, 0x00000000ca800000| Untracked 
| 425|0x00000000ca900000, 0x00000000ca900000, 0x00000000caa00000|  0%| F|  |TAMS 0x00000000ca900000, 0x00000000ca900000| Untracked 
| 426|0x00000000caa00000, 0x00000000cab00000, 0x00000000cab00000|100%| O|  |TAMS 0x00000000cab00000, 0x00000000caa00000| Untracked 
| 427|0x00000000cab00000, 0x00000000cab00000, 0x00000000cac00000|  0%| F|  |TAMS 0x00000000cab00000, 0x00000000cab00000| Untracked 
| 428|0x00000000cac00000, 0x00000000cad00000, 0x00000000cad00000|100%| O|  |TAMS 0x00000000cad00000, 0x00000000cac00000| Untracked 
| 429|0x00000000cad00000, 0x00000000cad00000, 0x00000000cae00000|  0%| F|  |TAMS 0x00000000cad00000, 0x00000000cad00000| Untracked 
| 430|0x00000000cae00000, 0x00000000cae00000, 0x00000000caf00000|  0%| F|  |TAMS 0x00000000cae00000, 0x00000000cae00000| Untracked 
| 431|0x00000000caf00000, 0x00000000cb000000, 0x00000000cb000000|100%|HS|  |TAMS 0x00000000cb000000, 0x00000000caf00000| Complete 
| 432|0x00000000cb000000, 0x00000000cb100000, 0x00000000cb100000|100%|HC|  |TAMS 0x00000000cb100000, 0x00000000cb000000| Complete 
| 433|0x00000000cb100000, 0x00000000cb200000, 0x00000000cb200000|100%|HC|  |TAMS 0x00000000cb200000, 0x00000000cb100000| Complete 
| 434|0x00000000cb200000, 0x00000000cb300000, 0x00000000cb300000|100%|HC|  |TAMS 0x00000000cb300000, 0x00000000cb200000| Complete 
| 435|0x00000000cb300000, 0x00000000cb300000, 0x00000000cb400000|  0%| F|  |TAMS 0x00000000cb300000, 0x00000000cb300000| Untracked 
| 436|0x00000000cb400000, 0x00000000cb500000, 0x00000000cb500000|100%| O|  |TAMS 0x00000000cb500000, 0x00000000cb400000| Untracked 
| 437|0x00000000cb500000, 0x00000000cb600000, 0x00000000cb600000|100%| O|  |TAMS 0x00000000cb600000, 0x00000000cb500000| Untracked 
| 438|0x00000000cb600000, 0x00000000cb600000, 0x00000000cb700000|  0%| F|  |TAMS 0x00000000cb600000, 0x00000000cb600000| Untracked 
| 439|0x00000000cb700000, 0x00000000cb700000, 0x00000000cb800000|  0%| F|  |TAMS 0x00000000cb700000, 0x00000000cb700000| Untracked 
| 440|0x00000000cb800000, 0x00000000cb900000, 0x00000000cb900000|100%| O|  |TAMS 0x00000000cb900000, 0x00000000cb800000| Untracked 
| 441|0x00000000cb900000, 0x00000000cba00000, 0x00000000cba00000|100%| O|  |TAMS 0x00000000cba00000, 0x00000000cb900000| Complete 
| 442|0x00000000cba00000, 0x00000000cbb00000, 0x00000000cbb00000|100%| O|  |TAMS 0x00000000cbb00000, 0x00000000cba00000| Untracked 
| 443|0x00000000cbb00000, 0x00000000cbc00000, 0x00000000cbc00000|100%| O|  |TAMS 0x00000000cbc00000, 0x00000000cbb00000| Untracked 
| 444|0x00000000cbc00000, 0x00000000cbc619e0, 0x00000000cbd00000| 38%| S|CS|TAMS 0x00000000cbc00000, 0x00000000cbc00000| Complete 
| 445|0x00000000cbd00000, 0x00000000cbe00000, 0x00000000cbe00000|100%| O|  |TAMS 0x00000000cbe00000, 0x00000000cbd00000| Untracked 
| 446|0x00000000cbe00000, 0x00000000cbf00000, 0x00000000cbf00000|100%| O|  |TAMS 0x00000000cbf00000, 0x00000000cbe00000| Untracked 
| 447|0x00000000cbf00000, 0x00000000cc000000, 0x00000000cc000000|100%| S|CS|TAMS 0x00000000cbf00000, 0x00000000cbf00000| Complete 
| 448|0x00000000cc000000, 0x00000000cc100000, 0x00000000cc100000|100%| O|  |TAMS 0x00000000cc100000, 0x00000000cc000000| Untracked 
| 449|0x00000000cc100000, 0x00000000cc200000, 0x00000000cc200000|100%| O|  |TAMS 0x00000000cc200000, 0x00000000cc100000| Untracked 
| 450|0x00000000cc200000, 0x00000000cc300000, 0x00000000cc300000|100%| O|  |TAMS 0x00000000cc300000, 0x00000000cc200000| Untracked 
| 451|0x00000000cc300000, 0x00000000cc400000, 0x00000000cc400000|100%| O|  |TAMS 0x00000000cc400000, 0x00000000cc300000| Untracked 
| 452|0x00000000cc400000, 0x00000000cc500000, 0x00000000cc500000|100%| O|  |TAMS 0x00000000cc500000, 0x00000000cc400000| Untracked 
| 453|0x00000000cc500000, 0x00000000cc600000, 0x00000000cc600000|100%| O|  |TAMS 0x00000000cc600000, 0x00000000cc500000| Untracked 
| 454|0x00000000cc600000, 0x00000000cc700000, 0x00000000cc700000|100%| O|  |TAMS 0x00000000cc700000, 0x00000000cc600000| Untracked 
| 455|0x00000000cc700000, 0x00000000cc800000, 0x00000000cc800000|100%| O|  |TAMS 0x00000000cc800000, 0x00000000cc700000| Complete 
| 456|0x00000000cc800000, 0x00000000cc900000, 0x00000000cc900000|100%| O|  |TAMS 0x00000000cc900000, 0x00000000cc800000| Untracked 
| 457|0x00000000cc900000, 0x00000000cca00000, 0x00000000cca00000|100%| S|CS|TAMS 0x00000000cc900000, 0x00000000cc900000| Complete 
| 458|0x00000000cca00000, 0x00000000ccb00000, 0x00000000ccb00000|100%| O|  |TAMS 0x00000000ccb00000, 0x00000000cca00000| Untracked 
| 459|0x00000000ccb00000, 0x00000000ccc00000, 0x00000000ccc00000|100%| O|  |TAMS 0x00000000ccc00000, 0x00000000ccb00000| Complete 
| 460|0x00000000ccc00000, 0x00000000ccd00000, 0x00000000ccd00000|100%| O|  |TAMS 0x00000000ccd00000, 0x00000000ccc00000| Untracked 
| 461|0x00000000ccd00000, 0x00000000cce00000, 0x00000000cce00000|100%| S|CS|TAMS 0x00000000ccd00000, 0x00000000ccd00000| Complete 
| 462|0x00000000cce00000, 0x00000000ccf00000, 0x00000000ccf00000|100%|HS|  |TAMS 0x00000000ccf00000, 0x00000000cce00000| Complete 
| 463|0x00000000ccf00000, 0x00000000cd000000, 0x00000000cd000000|100%|HC|  |TAMS 0x00000000cd000000, 0x00000000ccf00000| Complete 
| 464|0x00000000cd000000, 0x00000000cd100000, 0x00000000cd100000|100%| O|  |TAMS 0x00000000cd100000, 0x00000000cd000000| Complete 
| 465|0x00000000cd100000, 0x00000000cd200000, 0x00000000cd200000|100%| S|CS|TAMS 0x00000000cd100000, 0x00000000cd100000| Complete 
| 466|0x00000000cd200000, 0x00000000cd300000, 0x00000000cd300000|100%| O|  |TAMS 0x00000000cd300000, 0x00000000cd200000| Untracked 
| 467|0x00000000cd300000, 0x00000000cd400000, 0x00000000cd400000|100%| O|  |TAMS 0x00000000cd400000, 0x00000000cd300000| Complete 
| 468|0x00000000cd400000, 0x00000000cd500000, 0x00000000cd500000|100%| O|  |TAMS 0x00000000cd500000, 0x00000000cd400000| Untracked 
| 469|0x00000000cd500000, 0x00000000cd600000, 0x00000000cd600000|100%| O|  |TAMS 0x00000000cd600000, 0x00000000cd500000| Complete 
| 470|0x00000000cd600000, 0x00000000cd700000, 0x00000000cd700000|100%| S|CS|TAMS 0x00000000cd600000, 0x00000000cd600000| Complete 
| 471|0x00000000cd700000, 0x00000000cd800000, 0x00000000cd800000|100%| O|  |TAMS 0x00000000cd800000, 0x00000000cd700000| Complete 
| 472|0x00000000cd800000, 0x00000000cd900000, 0x00000000cd900000|100%| O|  |TAMS 0x00000000cd900000, 0x00000000cd800000| Untracked 
| 473|0x00000000cd900000, 0x00000000cda00000, 0x00000000cda00000|100%| O|  |TAMS 0x00000000cda00000, 0x00000000cd900000| Untracked 
| 474|0x00000000cda00000, 0x00000000cdb00000, 0x00000000cdb00000|100%| O|  |TAMS 0x00000000cdb00000, 0x00000000cda00000| Untracked 
| 475|0x00000000cdb00000, 0x00000000cdc00000, 0x00000000cdc00000|100%| O|  |TAMS 0x00000000cdc00000, 0x00000000cdb00000| Complete 
| 476|0x00000000cdc00000, 0x00000000cdd00000, 0x00000000cdd00000|100%| O|  |TAMS 0x00000000cdd00000, 0x00000000cdc00000| Untracked 
| 477|0x00000000cdd00000, 0x00000000cde00000, 0x00000000cde00000|100%| S|CS|TAMS 0x00000000cdd00000, 0x00000000cdd00000| Complete 
| 478|0x00000000cde00000, 0x00000000cdf00000, 0x00000000cdf00000|100%| S|CS|TAMS 0x00000000cde00000, 0x00000000cde00000| Complete 
| 479|0x00000000cdf00000, 0x00000000ce000000, 0x00000000ce000000|100%| S|CS|TAMS 0x00000000cdf00000, 0x00000000cdf00000| Complete 
| 480|0x00000000ce000000, 0x00000000ce100000, 0x00000000ce100000|100%| O|  |TAMS 0x00000000ce100000, 0x00000000ce000000| Untracked 
| 481|0x00000000ce100000, 0x00000000ce200000, 0x00000000ce200000|100%| S|CS|TAMS 0x00000000ce100000, 0x00000000ce100000| Complete 
| 482|0x00000000ce200000, 0x00000000ce300000, 0x00000000ce300000|100%| O|  |TAMS 0x00000000ce300000, 0x00000000ce200000| Untracked 
| 483|0x00000000ce300000, 0x00000000ce400000, 0x00000000ce400000|100%| O|  |TAMS 0x00000000ce400000, 0x00000000ce300000| Untracked 
| 484|0x00000000ce400000, 0x00000000ce500000, 0x00000000ce500000|100%| O|  |TAMS 0x00000000ce500000, 0x00000000ce400000| Untracked 
| 485|0x00000000ce500000, 0x00000000ce600000, 0x00000000ce600000|100%| S|CS|TAMS 0x00000000ce500000, 0x00000000ce500000| Complete 
| 486|0x00000000ce600000, 0x00000000ce700000, 0x00000000ce700000|100%| O|  |TAMS 0x00000000ce700000, 0x00000000ce600000| Complete 
| 487|0x00000000ce700000, 0x00000000ce800000, 0x00000000ce800000|100%| O|  |TAMS 0x00000000ce800000, 0x00000000ce700000| Complete 
| 488|0x00000000ce800000, 0x00000000ce900000, 0x00000000ce900000|100%| O|  |TAMS 0x00000000ce900000, 0x00000000ce800000| Complete 
| 489|0x00000000ce900000, 0x00000000cea00000, 0x00000000cea00000|100%| O|  |TAMS 0x00000000cea00000, 0x00000000ce900000| Untracked 
| 490|0x00000000cea00000, 0x00000000ceb00000, 0x00000000ceb00000|100%| O|  |TAMS 0x00000000ceb00000, 0x00000000cea00000| Untracked 
| 491|0x00000000ceb00000, 0x00000000cec00000, 0x00000000cec00000|100%|HS|  |TAMS 0x00000000ceb00000, 0x00000000ceb00000| Complete 
| 492|0x00000000cec00000, 0x00000000ced00000, 0x00000000ced00000|100%|HC|  |TAMS 0x00000000cec00000, 0x00000000cec00000| Complete 
| 493|0x00000000ced00000, 0x00000000cee00000, 0x00000000cee00000|100%|HC|  |TAMS 0x00000000ced00000, 0x00000000ced00000| Complete 
| 494|0x00000000cee00000, 0x00000000cef00000, 0x00000000cef00000|100%|HC|  |TAMS 0x00000000cee00000, 0x00000000cee00000| Complete 
| 495|0x00000000cef00000, 0x00000000cf000000, 0x00000000cf000000|100%|HC|  |TAMS 0x00000000cef00000, 0x00000000cef00000| Complete 
| 496|0x00000000cf000000, 0x00000000cf100000, 0x00000000cf100000|100%| O|  |TAMS 0x00000000cf100000, 0x00000000cf000000| Untracked 
| 497|0x00000000cf100000, 0x00000000cf200000, 0x00000000cf200000|100%| O|  |TAMS 0x00000000cf200000, 0x00000000cf100000| Untracked 
| 498|0x00000000cf200000, 0x00000000cf300000, 0x00000000cf300000|100%| O|  |TAMS 0x00000000cf300000, 0x00000000cf200000| Complete 
| 499|0x00000000cf300000, 0x00000000cf400000, 0x00000000cf400000|100%| O|  |TAMS 0x00000000cf400000, 0x00000000cf300000| Complete 
| 500|0x00000000cf400000, 0x00000000cf500000, 0x00000000cf500000|100%| O|  |TAMS 0x00000000cf500000, 0x00000000cf400000| Untracked 
| 501|0x00000000cf500000, 0x00000000cf600000, 0x00000000cf600000|100%| O|  |TAMS 0x00000000cf600000, 0x00000000cf500000| Complete 
| 502|0x00000000cf600000, 0x00000000cf700000, 0x00000000cf700000|100%| S|CS|TAMS 0x00000000cf600000, 0x00000000cf600000| Complete 
| 503|0x00000000cf700000, 0x00000000cf800000, 0x00000000cf800000|100%| O|  |TAMS 0x00000000cf800000, 0x00000000cf700000| Untracked 
| 504|0x00000000cf800000, 0x00000000cf900000, 0x00000000cf900000|100%| O|  |TAMS 0x00000000cf900000, 0x00000000cf800000| Untracked 
| 505|0x00000000cf900000, 0x00000000cfa00000, 0x00000000cfa00000|100%| O|  |TAMS 0x00000000cfa00000, 0x00000000cf900000| Untracked 
| 506|0x00000000cfa00000, 0x00000000cfb00000, 0x00000000cfb00000|100%| O|  |TAMS 0x00000000cfb00000, 0x00000000cfa00000| Untracked 
| 507|0x00000000cfb00000, 0x00000000cfc00000, 0x00000000cfc00000|100%|HS|  |TAMS 0x00000000cfc00000, 0x00000000cfb00000| Complete 
| 508|0x00000000cfc00000, 0x00000000cfd00000, 0x00000000cfd00000|100%| O|  |TAMS 0x00000000cfd00000, 0x00000000cfc00000| Untracked 
| 509|0x00000000cfd00000, 0x00000000cfe00000, 0x00000000cfe00000|100%| S|CS|TAMS 0x00000000cfd00000, 0x00000000cfd00000| Complete 
| 510|0x00000000cfe00000, 0x00000000cff00000, 0x00000000cff00000|100%| O|  |TAMS 0x00000000cff00000, 0x00000000cfe00000| Untracked 
| 511|0x00000000cff00000, 0x00000000d0000000, 0x00000000d0000000|100%| S|CS|TAMS 0x00000000cff00000, 0x00000000cff00000| Complete 
| 512|0x00000000d0000000, 0x00000000d0100000, 0x00000000d0100000|100%| O|  |TAMS 0x00000000d0100000, 0x00000000d0000000| Complete 
| 513|0x00000000d0100000, 0x00000000d0200000, 0x00000000d0200000|100%| O|  |TAMS 0x00000000d0200000, 0x00000000d0100000| Complete 
| 514|0x00000000d0200000, 0x00000000d0300000, 0x00000000d0300000|100%| O|  |TAMS 0x00000000d0300000, 0x00000000d0200000| Complete 
| 515|0x00000000d0300000, 0x00000000d0400000, 0x00000000d0400000|100%| O|  |TAMS 0x00000000d0400000, 0x00000000d0300000| Untracked 
| 516|0x00000000d0400000, 0x00000000d0500000, 0x00000000d0500000|100%| O|  |TAMS 0x00000000d0500000, 0x00000000d0400000| Untracked 
| 517|0x00000000d0500000, 0x00000000d0600000, 0x00000000d0600000|100%| O|  |TAMS 0x00000000d0600000, 0x00000000d0500000| Complete 
| 518|0x00000000d0600000, 0x00000000d0700000, 0x00000000d0700000|100%| O|  |TAMS 0x00000000d0700000, 0x00000000d0600000| Complete 
| 519|0x00000000d0700000, 0x00000000d0800000, 0x00000000d0800000|100%| O|  |TAMS 0x00000000d0800000, 0x00000000d0700000| Complete 
| 520|0x00000000d0800000, 0x00000000d0900000, 0x00000000d0900000|100%| O|  |TAMS 0x00000000d0900000, 0x00000000d0800000| Complete 
| 521|0x00000000d0900000, 0x00000000d0a00000, 0x00000000d0a00000|100%| O|  |TAMS 0x00000000d0a00000, 0x00000000d0900000| Complete 
| 522|0x00000000d0a00000, 0x00000000d0b00000, 0x00000000d0b00000|100%| O|  |TAMS 0x00000000d0b00000, 0x00000000d0a00000| Complete 
| 523|0x00000000d0b00000, 0x00000000d0c00000, 0x00000000d0c00000|100%| O|  |TAMS 0x00000000d0c00000, 0x00000000d0b00000| Untracked 
| 524|0x00000000d0c00000, 0x00000000d0d00000, 0x00000000d0d00000|100%| O|  |TAMS 0x00000000d0d00000, 0x00000000d0c00000| Untracked 
| 525|0x00000000d0d00000, 0x00000000d0e00000, 0x00000000d0e00000|100%| O|  |TAMS 0x00000000d0e00000, 0x00000000d0d00000| Complete 
| 526|0x00000000d0e00000, 0x00000000d0f00000, 0x00000000d0f00000|100%| O|  |TAMS 0x00000000d0f00000, 0x00000000d0e00000| Complete 
| 527|0x00000000d0f00000, 0x00000000d1000000, 0x00000000d1000000|100%| O|  |TAMS 0x00000000d1000000, 0x00000000d0f00000| Complete 
| 528|0x00000000d1000000, 0x00000000d1100000, 0x00000000d1100000|100%| O|  |TAMS 0x00000000d1100000, 0x00000000d1000000| Complete 
| 529|0x00000000d1100000, 0x00000000d1200000, 0x00000000d1200000|100%| O|  |TAMS 0x00000000d1200000, 0x00000000d1100000| Complete 
| 530|0x00000000d1200000, 0x00000000d1300000, 0x00000000d1300000|100%| O|  |TAMS 0x00000000d1300000, 0x00000000d1200000| Complete 
| 531|0x00000000d1300000, 0x00000000d1400000, 0x00000000d1400000|100%| O|  |TAMS 0x00000000d1400000, 0x00000000d1300000| Complete 
| 532|0x00000000d1400000, 0x00000000d1500000, 0x00000000d1500000|100%| O|  |TAMS 0x00000000d1500000, 0x00000000d1400000| Untracked 
| 533|0x00000000d1500000, 0x00000000d1600000, 0x00000000d1600000|100%| O|  |TAMS 0x00000000d1600000, 0x00000000d1500000| Complete 
| 534|0x00000000d1600000, 0x00000000d1700000, 0x00000000d1700000|100%| O|  |TAMS 0x00000000d1700000, 0x00000000d1600000| Untracked 
| 535|0x00000000d1700000, 0x00000000d1800000, 0x00000000d1800000|100%| O|  |TAMS 0x00000000d1800000, 0x00000000d1700000| Untracked 
| 536|0x00000000d1800000, 0x00000000d1900000, 0x00000000d1900000|100%| O|  |TAMS 0x00000000d1900000, 0x00000000d1800000| Untracked 
| 537|0x00000000d1900000, 0x00000000d1a00000, 0x00000000d1a00000|100%| S|CS|TAMS 0x00000000d1900000, 0x00000000d1900000| Complete 
| 538|0x00000000d1a00000, 0x00000000d1b00000, 0x00000000d1b00000|100%| O|  |TAMS 0x00000000d1b00000, 0x00000000d1a00000| Complete 
| 539|0x00000000d1b00000, 0x00000000d1c00000, 0x00000000d1c00000|100%| S|CS|TAMS 0x00000000d1b00000, 0x00000000d1b00000| Complete 
| 540|0x00000000d1c00000, 0x00000000d1d00000, 0x00000000d1d00000|100%|HS|  |TAMS 0x00000000d1d00000, 0x00000000d1c00000| Complete 
| 541|0x00000000d1d00000, 0x00000000d1e00000, 0x00000000d1e00000|100%|HC|  |TAMS 0x00000000d1e00000, 0x00000000d1d00000| Complete 
| 542|0x00000000d1e00000, 0x00000000d1f00000, 0x00000000d1f00000|100%|HC|  |TAMS 0x00000000d1f00000, 0x00000000d1e00000| Complete 
| 543|0x00000000d1f00000, 0x00000000d2000000, 0x00000000d2000000|100%|HC|  |TAMS 0x00000000d2000000, 0x00000000d1f00000| Complete 
| 544|0x00000000d2000000, 0x00000000d2100000, 0x00000000d2100000|100%|HC|  |TAMS 0x00000000d2100000, 0x00000000d2000000| Complete 
| 545|0x00000000d2100000, 0x00000000d2200000, 0x00000000d2200000|100%|HC|  |TAMS 0x00000000d2200000, 0x00000000d2100000| Complete 
| 546|0x00000000d2200000, 0x00000000d2300000, 0x00000000d2300000|100%|HC|  |TAMS 0x00000000d2300000, 0x00000000d2200000| Complete 
| 547|0x00000000d2300000, 0x00000000d2400000, 0x00000000d2400000|100%|HC|  |TAMS 0x00000000d2400000, 0x00000000d2300000| Complete 
| 548|0x00000000d2400000, 0x00000000d2500000, 0x00000000d2500000|100%|HC|  |TAMS 0x00000000d2500000, 0x00000000d2400000| Complete 
| 549|0x00000000d2500000, 0x00000000d2600000, 0x00000000d2600000|100%|HC|  |TAMS 0x00000000d2600000, 0x00000000d2500000| Complete 
| 550|0x00000000d2600000, 0x00000000d2700000, 0x00000000d2700000|100%|HC|  |TAMS 0x00000000d2700000, 0x00000000d2600000| Complete 
| 551|0x00000000d2700000, 0x00000000d2800000, 0x00000000d2800000|100%|HC|  |TAMS 0x00000000d2800000, 0x00000000d2700000| Complete 
| 552|0x00000000d2800000, 0x00000000d2900000, 0x00000000d2900000|100%|HC|  |TAMS 0x00000000d2900000, 0x00000000d2800000| Complete 
| 553|0x00000000d2900000, 0x00000000d2a00000, 0x00000000d2a00000|100%|HC|  |TAMS 0x00000000d2a00000, 0x00000000d2900000| Complete 
| 554|0x00000000d2a00000, 0x00000000d2b00000, 0x00000000d2b00000|100%|HC|  |TAMS 0x00000000d2b00000, 0x00000000d2a00000| Complete 
| 555|0x00000000d2b00000, 0x00000000d2c00000, 0x00000000d2c00000|100%| O|  |TAMS 0x00000000d2c00000, 0x00000000d2b00000| Untracked 
| 556|0x00000000d2c00000, 0x00000000d2d00000, 0x00000000d2d00000|100%| O|  |TAMS 0x00000000d2d00000, 0x00000000d2c00000| Complete 
| 557|0x00000000d2d00000, 0x00000000d2e00000, 0x00000000d2e00000|100%| O|  |TAMS 0x00000000d2e00000, 0x00000000d2d00000| Complete 
| 558|0x00000000d2e00000, 0x00000000d2f00000, 0x00000000d2f00000|100%| O|  |TAMS 0x00000000d2f00000, 0x00000000d2e00000| Complete 
| 559|0x00000000d2f00000, 0x00000000d3000000, 0x00000000d3000000|100%| O|  |TAMS 0x00000000d3000000, 0x00000000d2f00000| Complete 
| 560|0x00000000d3000000, 0x00000000d3100000, 0x00000000d3100000|100%| O|  |TAMS 0x00000000d3100000, 0x00000000d3000000| Untracked 
| 561|0x00000000d3100000, 0x00000000d3200000, 0x00000000d3200000|100%| O|  |TAMS 0x00000000d3200000, 0x00000000d3100000| Complete 
| 562|0x00000000d3200000, 0x00000000d3300000, 0x00000000d3300000|100%| O|  |TAMS 0x00000000d3300000, 0x00000000d3200000| Complete 
| 563|0x00000000d3300000, 0x00000000d3400000, 0x00000000d3400000|100%| S|CS|TAMS 0x00000000d3300000, 0x00000000d3300000| Complete 
| 564|0x00000000d3400000, 0x00000000d3500000, 0x00000000d3500000|100%| S|CS|TAMS 0x00000000d3400000, 0x00000000d3400000| Complete 
| 565|0x00000000d3500000, 0x00000000d3600000, 0x00000000d3600000|100%| O|  |TAMS 0x00000000d3600000, 0x00000000d3500000| Complete 
| 566|0x00000000d3600000, 0x00000000d3700000, 0x00000000d3700000|100%| S|CS|TAMS 0x00000000d3600000, 0x00000000d3600000| Complete 
| 567|0x00000000d3700000, 0x00000000d3800000, 0x00000000d3800000|100%| O|  |TAMS 0x00000000d3800000, 0x00000000d3700000| Untracked 
| 568|0x00000000d3800000, 0x00000000d3900000, 0x00000000d3900000|100%| S|CS|TAMS 0x00000000d3800000, 0x00000000d3800000| Complete 
| 569|0x00000000d3900000, 0x00000000d3a00000, 0x00000000d3a00000|100%| O|  |TAMS 0x00000000d3a00000, 0x00000000d3900000| Untracked 
| 570|0x00000000d3a00000, 0x00000000d3b00000, 0x00000000d3b00000|100%| O|  |TAMS 0x00000000d3b00000, 0x00000000d3a00000| Untracked 
| 571|0x00000000d3b00000, 0x00000000d3c00000, 0x00000000d3c00000|100%| O|  |TAMS 0x00000000d3c00000, 0x00000000d3b00000| Untracked 
| 572|0x00000000d3c00000, 0x00000000d3d00000, 0x00000000d3d00000|100%| S|CS|TAMS 0x00000000d3c00000, 0x00000000d3c00000| Complete 
| 573|0x00000000d3d00000, 0x00000000d3e00000, 0x00000000d3e00000|100%| O|  |TAMS 0x00000000d3e00000, 0x00000000d3d00000| Untracked 
| 574|0x00000000d3e00000, 0x00000000d3f00000, 0x00000000d3f00000|100%| O|  |TAMS 0x00000000d3f00000, 0x00000000d3e00000| Complete 
| 575|0x00000000d3f00000, 0x00000000d4000000, 0x00000000d4000000|100%| O|  |TAMS 0x00000000d4000000, 0x00000000d3f00000| Complete 
| 576|0x00000000d4000000, 0x00000000d4100000, 0x00000000d4100000|100%| O|  |TAMS 0x00000000d4100000, 0x00000000d4000000| Untracked 
| 577|0x00000000d4100000, 0x00000000d4200000, 0x00000000d4200000|100%|HS|  |TAMS 0x00000000d4100000, 0x00000000d4100000| Complete 
| 578|0x00000000d4200000, 0x00000000d4300000, 0x00000000d4300000|100%|HC|  |TAMS 0x00000000d4200000, 0x00000000d4200000| Complete 
| 579|0x00000000d4300000, 0x00000000d4400000, 0x00000000d4400000|100%|HC|  |TAMS 0x00000000d4300000, 0x00000000d4300000| Complete 
| 580|0x00000000d4400000, 0x00000000d4500000, 0x00000000d4500000|100%|HC|  |TAMS 0x00000000d4400000, 0x00000000d4400000| Complete 
| 581|0x00000000d4500000, 0x00000000d4600000, 0x00000000d4600000|100%|HC|  |TAMS 0x00000000d4500000, 0x00000000d4500000| Complete 
| 582|0x00000000d4600000, 0x00000000d4700000, 0x00000000d4700000|100%| S|CS|TAMS 0x00000000d4600000, 0x00000000d4600000| Complete 
| 583|0x00000000d4700000, 0x00000000d4800000, 0x00000000d4800000|100%| S|CS|TAMS 0x00000000d4700000, 0x00000000d4700000| Complete 
| 584|0x00000000d4800000, 0x00000000d4900000, 0x00000000d4900000|100%| S|CS|TAMS 0x00000000d4800000, 0x00000000d4800000| Complete 
| 585|0x00000000d4900000, 0x00000000d4a00000, 0x00000000d4a00000|100%| S|CS|TAMS 0x00000000d4900000, 0x00000000d4900000| Complete 
| 586|0x00000000d4a00000, 0x00000000d4b00000, 0x00000000d4b00000|100%| O|  |TAMS 0x00000000d4b00000, 0x00000000d4a00000| Complete 
| 587|0x00000000d4b00000, 0x00000000d4c00000, 0x00000000d4c00000|100%| O|  |TAMS 0x00000000d4c00000, 0x00000000d4b00000| Untracked 
| 588|0x00000000d4c00000, 0x00000000d4d00000, 0x00000000d4d00000|100%| O|  |TAMS 0x00000000d4d00000, 0x00000000d4c00000| Untracked 
| 589|0x00000000d4d00000, 0x00000000d4e00000, 0x00000000d4e00000|100%| O|  |TAMS 0x00000000d4e00000, 0x00000000d4d00000| Untracked 
| 590|0x00000000d4e00000, 0x00000000d4f00000, 0x00000000d4f00000|100%| S|CS|TAMS 0x00000000d4e00000, 0x00000000d4e00000| Complete 
| 591|0x00000000d4f00000, 0x00000000d5000000, 0x00000000d5000000|100%| O|  |TAMS 0x00000000d5000000, 0x00000000d4f00000| Untracked 
| 592|0x00000000d5000000, 0x00000000d5100000, 0x00000000d5100000|100%| O|  |TAMS 0x00000000d5100000, 0x00000000d5000000| Untracked 
| 593|0x00000000d5100000, 0x00000000d5200000, 0x00000000d5200000|100%| O|  |TAMS 0x00000000d5200000, 0x00000000d5100000| Untracked 
| 594|0x00000000d5200000, 0x00000000d5300000, 0x00000000d5300000|100%| O|  |TAMS 0x00000000d5300000, 0x00000000d5200000| Untracked 
| 595|0x00000000d5300000, 0x00000000d5400000, 0x00000000d5400000|100%| O|  |TAMS 0x00000000d5400000, 0x00000000d5300000| Untracked 
| 596|0x00000000d5400000, 0x00000000d5500000, 0x00000000d5500000|100%| O|  |TAMS 0x00000000d5500000, 0x00000000d5400000| Untracked 
| 597|0x00000000d5500000, 0x00000000d5600000, 0x00000000d5600000|100%| O|  |TAMS 0x00000000d5600000, 0x00000000d5500000| Untracked 
| 598|0x00000000d5600000, 0x00000000d5700000, 0x00000000d5700000|100%| O|  |TAMS 0x00000000d5700000, 0x00000000d5600000| Untracked 
| 599|0x00000000d5700000, 0x00000000d5800000, 0x00000000d5800000|100%|HS|  |TAMS 0x00000000d5800000, 0x00000000d5700000| Complete 
| 600|0x00000000d5800000, 0x00000000d5900000, 0x00000000d5900000|100%|HC|  |TAMS 0x00000000d5900000, 0x00000000d5800000| Complete 
| 601|0x00000000d5900000, 0x00000000d5a00000, 0x00000000d5a00000|100%|HC|  |TAMS 0x00000000d5a00000, 0x00000000d5900000| Complete 
| 602|0x00000000d5a00000, 0x00000000d5b00000, 0x00000000d5b00000|100%|HC|  |TAMS 0x00000000d5b00000, 0x00000000d5a00000| Complete 
| 603|0x00000000d5b00000, 0x00000000d5c00000, 0x00000000d5c00000|100%|HC|  |TAMS 0x00000000d5c00000, 0x00000000d5b00000| Complete 
| 604|0x00000000d5c00000, 0x00000000d5d00000, 0x00000000d5d00000|100%|HC|  |TAMS 0x00000000d5d00000, 0x00000000d5c00000| Complete 
| 605|0x00000000d5d00000, 0x00000000d5e00000, 0x00000000d5e00000|100%|HC|  |TAMS 0x00000000d5e00000, 0x00000000d5d00000| Complete 
| 606|0x00000000d5e00000, 0x00000000d5f00000, 0x00000000d5f00000|100%|HC|  |TAMS 0x00000000d5f00000, 0x00000000d5e00000| Complete 
| 607|0x00000000d5f00000, 0x00000000d6000000, 0x00000000d6000000|100%|HC|  |TAMS 0x00000000d6000000, 0x00000000d5f00000| Complete 
| 608|0x00000000d6000000, 0x00000000d6100000, 0x00000000d6100000|100%|HC|  |TAMS 0x00000000d6100000, 0x00000000d6000000| Complete 
| 609|0x00000000d6100000, 0x00000000d6200000, 0x00000000d6200000|100%|HC|  |TAMS 0x00000000d6200000, 0x00000000d6100000| Complete 
| 610|0x00000000d6200000, 0x00000000d6300000, 0x00000000d6300000|100%|HC|  |TAMS 0x00000000d6300000, 0x00000000d6200000| Complete 
| 611|0x00000000d6300000, 0x00000000d6400000, 0x00000000d6400000|100%| O|  |TAMS 0x00000000d6400000, 0x00000000d6300000| Untracked 
| 612|0x00000000d6400000, 0x00000000d6500000, 0x00000000d6500000|100%| O|  |TAMS 0x00000000d6500000, 0x00000000d6400000| Untracked 
| 613|0x00000000d6500000, 0x00000000d6600000, 0x00000000d6600000|100%| O|  |TAMS 0x00000000d6600000, 0x00000000d6500000| Untracked 
| 614|0x00000000d6600000, 0x00000000d6700000, 0x00000000d6700000|100%| O|  |TAMS 0x00000000d6700000, 0x00000000d6600000| Untracked 
| 615|0x00000000d6700000, 0x00000000d6800000, 0x00000000d6800000|100%| O|  |TAMS 0x00000000d6800000, 0x00000000d6700000| Complete 
| 616|0x00000000d6800000, 0x00000000d6900000, 0x00000000d6900000|100%| O|  |TAMS 0x00000000d6900000, 0x00000000d6800000| Untracked 
| 617|0x00000000d6900000, 0x00000000d6a00000, 0x00000000d6a00000|100%| O|  |TAMS 0x00000000d6a00000, 0x00000000d6900000| Complete 
| 618|0x00000000d6a00000, 0x00000000d6b00000, 0x00000000d6b00000|100%| O|  |TAMS 0x00000000d6b00000, 0x00000000d6a00000| Complete 
| 619|0x00000000d6b00000, 0x00000000d6c00000, 0x00000000d6c00000|100%| O|  |TAMS 0x00000000d6c00000, 0x00000000d6b00000| Complete 
| 620|0x00000000d6c00000, 0x00000000d6d00000, 0x00000000d6d00000|100%| O|  |TAMS 0x00000000d6d00000, 0x00000000d6c00000| Complete 
| 621|0x00000000d6d00000, 0x00000000d6e00000, 0x00000000d6e00000|100%| S|CS|TAMS 0x00000000d6d00000, 0x00000000d6d00000| Complete 
| 622|0x00000000d6e00000, 0x00000000d6f00000, 0x00000000d6f00000|100%| O|  |TAMS 0x00000000d6f00000, 0x00000000d6e00000| Untracked 
| 623|0x00000000d6f00000, 0x00000000d7000000, 0x00000000d7000000|100%| O|  |TAMS 0x00000000d7000000, 0x00000000d6f00000| Untracked 
| 624|0x00000000d7000000, 0x00000000d7100000, 0x00000000d7100000|100%| O|  |TAMS 0x00000000d7100000, 0x00000000d7000000| Untracked 
| 625|0x00000000d7100000, 0x00000000d7200000, 0x00000000d7200000|100%| O|  |TAMS 0x00000000d7200000, 0x00000000d7100000| Untracked 
| 626|0x00000000d7200000, 0x00000000d7300000, 0x00000000d7300000|100%| O|  |TAMS 0x00000000d7300000, 0x00000000d7200000| Untracked 
| 627|0x00000000d7300000, 0x00000000d7400000, 0x00000000d7400000|100%| O|  |TAMS 0x00000000d7400000, 0x00000000d7300000| Complete 
| 628|0x00000000d7400000, 0x00000000d7500000, 0x00000000d7500000|100%| O|  |TAMS 0x00000000d7500000, 0x00000000d7400000| Complete 
| 629|0x00000000d7500000, 0x00000000d7600000, 0x00000000d7600000|100%| O|  |TAMS 0x00000000d7600000, 0x00000000d7500000| Untracked 
| 630|0x00000000d7600000, 0x00000000d7700000, 0x00000000d7700000|100%| O|  |TAMS 0x00000000d7700000, 0x00000000d7600000| Untracked 
| 631|0x00000000d7700000, 0x00000000d7800000, 0x00000000d7800000|100%| O|  |TAMS 0x00000000d7800000, 0x00000000d7700000| Complete 
| 632|0x00000000d7800000, 0x00000000d7900000, 0x00000000d7900000|100%| O|  |TAMS 0x00000000d7900000, 0x00000000d7800000| Complete 
| 633|0x00000000d7900000, 0x00000000d7a00000, 0x00000000d7a00000|100%|HS|  |TAMS 0x00000000d7900000, 0x00000000d7900000| Complete 
| 634|0x00000000d7a00000, 0x00000000d7b00000, 0x00000000d7b00000|100%|HC|  |TAMS 0x00000000d7a00000, 0x00000000d7a00000| Complete 
| 635|0x00000000d7b00000, 0x00000000d7c00000, 0x00000000d7c00000|100%|HC|  |TAMS 0x00000000d7b00000, 0x00000000d7b00000| Complete 
| 636|0x00000000d7c00000, 0x00000000d7d00000, 0x00000000d7d00000|100%|HC|  |TAMS 0x00000000d7c00000, 0x00000000d7c00000| Complete 
| 637|0x00000000d7d00000, 0x00000000d7e00000, 0x00000000d7e00000|100%|HC|  |TAMS 0x00000000d7d00000, 0x00000000d7d00000| Complete 
| 638|0x00000000d7e00000, 0x00000000d7f00000, 0x00000000d7f00000|100%| S|CS|TAMS 0x00000000d7e00000, 0x00000000d7e00000| Complete 
| 639|0x00000000d7f00000, 0x00000000d8000000, 0x00000000d8000000|100%| S|CS|TAMS 0x00000000d7f00000, 0x00000000d7f00000| Complete 
| 640|0x00000000d8000000, 0x00000000d8100000, 0x00000000d8100000|100%| S|CS|TAMS 0x00000000d8000000, 0x00000000d8000000| Complete 
| 641|0x00000000d8100000, 0x00000000d8200000, 0x00000000d8200000|100%| S|CS|TAMS 0x00000000d8100000, 0x00000000d8100000| Complete 
| 642|0x00000000d8200000, 0x00000000d8300000, 0x00000000d8300000|100%| O|  |TAMS 0x00000000d8300000, 0x00000000d8200000| Complete 
| 643|0x00000000d8300000, 0x00000000d8400000, 0x00000000d8400000|100%| S|CS|TAMS 0x00000000d8300000, 0x00000000d8300000| Complete 
| 644|0x00000000d8400000, 0x00000000d8500000, 0x00000000d8500000|100%| S|CS|TAMS 0x00000000d8400000, 0x00000000d8400000| Complete 
| 645|0x00000000d8500000, 0x00000000d8600000, 0x00000000d8600000|100%|HS|  |TAMS 0x00000000d8500000, 0x00000000d8500000| Complete 
| 646|0x00000000d8600000, 0x00000000d8700000, 0x00000000d8700000|100%|HC|  |TAMS 0x00000000d8600000, 0x00000000d8600000| Complete 
| 647|0x00000000d8700000, 0x00000000d8800000, 0x00000000d8800000|100%|HC|  |TAMS 0x00000000d8700000, 0x00000000d8700000| Complete 
| 648|0x00000000d8800000, 0x00000000d8900000, 0x00000000d8900000|100%|HC|  |TAMS 0x00000000d8800000, 0x00000000d8800000| Complete 
| 649|0x00000000d8900000, 0x00000000d8a00000, 0x00000000d8a00000|100%|HC|  |TAMS 0x00000000d8900000, 0x00000000d8900000| Complete 
| 650|0x00000000d8a00000, 0x00000000d8b00000, 0x00000000d8b00000|100%|HS|  |TAMS 0x00000000d8a00000, 0x00000000d8a00000| Complete 
| 651|0x00000000d8b00000, 0x00000000d8c00000, 0x00000000d8c00000|100%|HC|  |TAMS 0x00000000d8b00000, 0x00000000d8b00000| Complete 
| 652|0x00000000d8c00000, 0x00000000d8d00000, 0x00000000d8d00000|100%|HC|  |TAMS 0x00000000d8c00000, 0x00000000d8c00000| Complete 
| 653|0x00000000d8d00000, 0x00000000d8e00000, 0x00000000d8e00000|100%|HC|  |TAMS 0x00000000d8d00000, 0x00000000d8d00000| Complete 
| 654|0x00000000d8e00000, 0x00000000d8f00000, 0x00000000d8f00000|100%|HC|  |TAMS 0x00000000d8e00000, 0x00000000d8e00000| Complete 
| 655|0x00000000d8f00000, 0x00000000d9000000, 0x00000000d9000000|100%|HS|  |TAMS 0x00000000d8f00000, 0x00000000d8f00000| Complete 
| 656|0x00000000d9000000, 0x00000000d9100000, 0x00000000d9100000|100%|HC|  |TAMS 0x00000000d9000000, 0x00000000d9000000| Complete 
| 657|0x00000000d9100000, 0x00000000d9200000, 0x00000000d9200000|100%|HC|  |TAMS 0x00000000d9100000, 0x00000000d9100000| Complete 
| 658|0x00000000d9200000, 0x00000000d9300000, 0x00000000d9300000|100%|HC|  |TAMS 0x00000000d9200000, 0x00000000d9200000| Complete 
| 659|0x00000000d9300000, 0x00000000d9400000, 0x00000000d9400000|100%|HC|  |TAMS 0x00000000d9300000, 0x00000000d9300000| Complete 
| 660|0x00000000d9400000, 0x00000000d9500000, 0x00000000d9500000|100%| S|CS|TAMS 0x00000000d9400000, 0x00000000d9400000| Complete 
| 661|0x00000000d9500000, 0x00000000d9600000, 0x00000000d9600000|100%| O|  |TAMS 0x00000000d9600000, 0x00000000d9500000| Complete 
| 662|0x00000000d9600000, 0x00000000d9700000, 0x00000000d9700000|100%| O|  |TAMS 0x00000000d9700000, 0x00000000d9600000| Untracked 
| 663|0x00000000d9700000, 0x00000000d9800000, 0x00000000d9800000|100%| O|  |TAMS 0x00000000d9800000, 0x00000000d9700000| Untracked 
| 664|0x00000000d9800000, 0x00000000d9900000, 0x00000000d9900000|100%| O|  |TAMS 0x00000000d9900000, 0x00000000d9800000| Untracked 
| 665|0x00000000d9900000, 0x00000000d9a00000, 0x00000000d9a00000|100%| O|  |TAMS 0x00000000d9a00000, 0x00000000d9900000| Untracked 
| 666|0x00000000d9a00000, 0x00000000d9b00000, 0x00000000d9b00000|100%| O|  |TAMS 0x00000000d9b00000, 0x00000000d9a00000| Complete 
| 667|0x00000000d9b00000, 0x00000000d9c00000, 0x00000000d9c00000|100%|HS|  |TAMS 0x00000000d9c00000, 0x00000000d9b00000| Complete 
| 668|0x00000000d9c00000, 0x00000000d9d00000, 0x00000000d9d00000|100%|HC|  |TAMS 0x00000000d9d00000, 0x00000000d9c00000| Complete 
| 669|0x00000000d9d00000, 0x00000000d9e00000, 0x00000000d9e00000|100%|HS|  |TAMS 0x00000000d9e00000, 0x00000000d9d00000| Complete 
| 670|0x00000000d9e00000, 0x00000000d9f00000, 0x00000000d9f00000|100%|HC|  |TAMS 0x00000000d9f00000, 0x00000000d9e00000| Complete 
| 671|0x00000000d9f00000, 0x00000000da000000, 0x00000000da000000|100%|HS|  |TAMS 0x00000000da000000, 0x00000000d9f00000| Complete 
| 672|0x00000000da000000, 0x00000000da100000, 0x00000000da100000|100%|HC|  |TAMS 0x00000000da100000, 0x00000000da000000| Complete 
| 673|0x00000000da100000, 0x00000000da200000, 0x00000000da200000|100%|HC|  |TAMS 0x00000000da200000, 0x00000000da100000| Complete 
| 674|0x00000000da200000, 0x00000000da300000, 0x00000000da300000|100%|HC|  |TAMS 0x00000000da300000, 0x00000000da200000| Complete 
| 675|0x00000000da300000, 0x00000000da400000, 0x00000000da400000|100%|HC|  |TAMS 0x00000000da400000, 0x00000000da300000| Complete 
| 676|0x00000000da400000, 0x00000000da500000, 0x00000000da500000|100%|HC|  |TAMS 0x00000000da500000, 0x00000000da400000| Complete 
| 677|0x00000000da500000, 0x00000000da600000, 0x00000000da600000|100%|HC|  |TAMS 0x00000000da600000, 0x00000000da500000| Complete 
| 678|0x00000000da600000, 0x00000000da700000, 0x00000000da700000|100%|HC|  |TAMS 0x00000000da700000, 0x00000000da600000| Complete 
| 679|0x00000000da700000, 0x00000000da800000, 0x00000000da800000|100%|HC|  |TAMS 0x00000000da800000, 0x00000000da700000| Complete 
| 680|0x00000000da800000, 0x00000000da900000, 0x00000000da900000|100%|HC|  |TAMS 0x00000000da900000, 0x00000000da800000| Complete 
| 681|0x00000000da900000, 0x00000000daa00000, 0x00000000daa00000|100%|HC|  |TAMS 0x00000000daa00000, 0x00000000da900000| Complete 
| 682|0x00000000daa00000, 0x00000000dab00000, 0x00000000dab00000|100%|HC|  |TAMS 0x00000000dab00000, 0x00000000daa00000| Complete 
| 683|0x00000000dab00000, 0x00000000dac00000, 0x00000000dac00000|100%|HC|  |TAMS 0x00000000dac00000, 0x00000000dab00000| Complete 
| 684|0x00000000dac00000, 0x00000000dad00000, 0x00000000dad00000|100%|HC|  |TAMS 0x00000000dad00000, 0x00000000dac00000| Complete 
| 685|0x00000000dad00000, 0x00000000dae00000, 0x00000000dae00000|100%|HC|  |TAMS 0x00000000dae00000, 0x00000000dad00000| Complete 
| 686|0x00000000dae00000, 0x00000000daf00000, 0x00000000daf00000|100%| O|  |TAMS 0x00000000dae79400, 0x00000000dae00000| Untracked 
| 687|0x00000000daf00000, 0x00000000db000000, 0x00000000db000000|100%|HS|  |TAMS 0x00000000daf00000, 0x00000000daf00000| Complete 
| 688|0x00000000db000000, 0x00000000db100000, 0x00000000db100000|100%|HC|  |TAMS 0x00000000db000000, 0x00000000db000000| Complete 
| 689|0x00000000db100000, 0x00000000db200000, 0x00000000db200000|100%|HC|  |TAMS 0x00000000db100000, 0x00000000db100000| Complete 
| 690|0x00000000db200000, 0x00000000db300000, 0x00000000db300000|100%|HC|  |TAMS 0x00000000db200000, 0x00000000db200000| Complete 
| 691|0x00000000db300000, 0x00000000db400000, 0x00000000db400000|100%|HC|  |TAMS 0x00000000db300000, 0x00000000db300000| Complete 
| 692|0x00000000db400000, 0x00000000db500000, 0x00000000db500000|100%|HS|  |TAMS 0x00000000db400000, 0x00000000db400000| Complete 
| 693|0x00000000db500000, 0x00000000db600000, 0x00000000db600000|100%|HC|  |TAMS 0x00000000db500000, 0x00000000db500000| Complete 
| 694|0x00000000db600000, 0x00000000db700000, 0x00000000db700000|100%|HC|  |TAMS 0x00000000db600000, 0x00000000db600000| Complete 
| 695|0x00000000db700000, 0x00000000db800000, 0x00000000db800000|100%|HC|  |TAMS 0x00000000db700000, 0x00000000db700000| Complete 
| 696|0x00000000db800000, 0x00000000db900000, 0x00000000db900000|100%|HC|  |TAMS 0x00000000db800000, 0x00000000db800000| Complete 
| 697|0x00000000db900000, 0x00000000dba00000, 0x00000000dba00000|100%|HS|  |TAMS 0x00000000db900000, 0x00000000db900000| Complete 
| 698|0x00000000dba00000, 0x00000000dbb00000, 0x00000000dbb00000|100%|HC|  |TAMS 0x00000000dba00000, 0x00000000dba00000| Complete 
| 699|0x00000000dbb00000, 0x00000000dbc00000, 0x00000000dbc00000|100%|HC|  |TAMS 0x00000000dbb00000, 0x00000000dbb00000| Complete 
| 700|0x00000000dbc00000, 0x00000000dbd00000, 0x00000000dbd00000|100%|HC|  |TAMS 0x00000000dbc00000, 0x00000000dbc00000| Complete 
| 701|0x00000000dbd00000, 0x00000000dbe00000, 0x00000000dbe00000|100%|HC|  |TAMS 0x00000000dbd00000, 0x00000000dbd00000| Complete 
| 702|0x00000000dbe00000, 0x00000000dbf00000, 0x00000000dbf00000|100%|HS|  |TAMS 0x00000000dbe00000, 0x00000000dbe00000| Complete 
| 703|0x00000000dbf00000, 0x00000000dc000000, 0x00000000dc000000|100%|HC|  |TAMS 0x00000000dbf00000, 0x00000000dbf00000| Complete 
| 704|0x00000000dc000000, 0x00000000dc100000, 0x00000000dc100000|100%|HC|  |TAMS 0x00000000dc000000, 0x00000000dc000000| Complete 
| 705|0x00000000dc100000, 0x00000000dc200000, 0x00000000dc200000|100%|HC|  |TAMS 0x00000000dc100000, 0x00000000dc100000| Complete 
| 706|0x00000000dc200000, 0x00000000dc300000, 0x00000000dc300000|100%|HC|  |TAMS 0x00000000dc200000, 0x00000000dc200000| Complete 
| 707|0x00000000dc300000, 0x00000000dc400000, 0x00000000dc400000|100%|HS|  |TAMS 0x00000000dc300000, 0x00000000dc300000| Complete 
| 708|0x00000000dc400000, 0x00000000dc500000, 0x00000000dc500000|100%|HC|  |TAMS 0x00000000dc400000, 0x00000000dc400000| Complete 
| 709|0x00000000dc500000, 0x00000000dc600000, 0x00000000dc600000|100%|HC|  |TAMS 0x00000000dc500000, 0x00000000dc500000| Complete 
| 710|0x00000000dc600000, 0x00000000dc700000, 0x00000000dc700000|100%|HC|  |TAMS 0x00000000dc600000, 0x00000000dc600000| Complete 
| 711|0x00000000dc700000, 0x00000000dc800000, 0x00000000dc800000|100%|HC|  |TAMS 0x00000000dc700000, 0x00000000dc700000| Complete 
| 712|0x00000000dc800000, 0x00000000dc900000, 0x00000000dc900000|100%|HS|  |TAMS 0x00000000dc800000, 0x00000000dc800000| Complete 
| 713|0x00000000dc900000, 0x00000000dca00000, 0x00000000dca00000|100%|HC|  |TAMS 0x00000000dc900000, 0x00000000dc900000| Complete 
| 714|0x00000000dca00000, 0x00000000dcb00000, 0x00000000dcb00000|100%|HC|  |TAMS 0x00000000dca00000, 0x00000000dca00000| Complete 
| 715|0x00000000dcb00000, 0x00000000dcc00000, 0x00000000dcc00000|100%|HC|  |TAMS 0x00000000dcb00000, 0x00000000dcb00000| Complete 
| 716|0x00000000dcc00000, 0x00000000dcd00000, 0x00000000dcd00000|100%|HC|  |TAMS 0x00000000dcc00000, 0x00000000dcc00000| Complete 
| 717|0x00000000dcd00000, 0x00000000dce00000, 0x00000000dce00000|100%| S|CS|TAMS 0x00000000dcd00000, 0x00000000dcd00000| Complete 
| 718|0x00000000dce00000, 0x00000000dcf00000, 0x00000000dcf00000|100%| S|CS|TAMS 0x00000000dce00000, 0x00000000dce00000| Complete 
| 719|0x00000000dcf00000, 0x00000000dd000000, 0x00000000dd000000|100%|HS|  |TAMS 0x00000000dd000000, 0x00000000dcf00000| Complete 
| 720|0x00000000dd000000, 0x00000000dd100000, 0x00000000dd100000|100%|HC|  |TAMS 0x00000000dd100000, 0x00000000dd000000| Complete 
| 721|0x00000000dd100000, 0x00000000dd200000, 0x00000000dd200000|100%|HC|  |TAMS 0x00000000dd200000, 0x00000000dd100000| Complete 
| 722|0x00000000dd200000, 0x00000000dd300000, 0x00000000dd300000|100%|HC|  |TAMS 0x00000000dd300000, 0x00000000dd200000| Complete 
| 723|0x00000000dd300000, 0x00000000dd400000, 0x00000000dd400000|100%|HC|  |TAMS 0x00000000dd400000, 0x00000000dd300000| Complete 
| 724|0x00000000dd400000, 0x00000000dd500000, 0x00000000dd500000|100%|HC|  |TAMS 0x00000000dd500000, 0x00000000dd400000| Complete 
| 725|0x00000000dd500000, 0x00000000dd600000, 0x00000000dd600000|100%|HC|  |TAMS 0x00000000dd600000, 0x00000000dd500000| Complete 
| 726|0x00000000dd600000, 0x00000000dd700000, 0x00000000dd700000|100%|HC|  |TAMS 0x00000000dd700000, 0x00000000dd600000| Complete 
| 727|0x00000000dd700000, 0x00000000dd800000, 0x00000000dd800000|100%|HS|  |TAMS 0x00000000dd700000, 0x00000000dd700000| Complete 
| 728|0x00000000dd800000, 0x00000000dd900000, 0x00000000dd900000|100%|HC|  |TAMS 0x00000000dd800000, 0x00000000dd800000| Complete 
| 729|0x00000000dd900000, 0x00000000dda00000, 0x00000000dda00000|100%|HC|  |TAMS 0x00000000dd900000, 0x00000000dd900000| Complete 
| 730|0x00000000dda00000, 0x00000000ddb00000, 0x00000000ddb00000|100%|HC|  |TAMS 0x00000000dda00000, 0x00000000dda00000| Complete 
| 731|0x00000000ddb00000, 0x00000000ddc00000, 0x00000000ddc00000|100%|HC|  |TAMS 0x00000000ddb00000, 0x00000000ddb00000| Complete 
| 732|0x00000000ddc00000, 0x00000000ddc00000, 0x00000000ddd00000|  0%| F|  |TAMS 0x00000000ddc00000, 0x00000000ddc00000| Untracked 
| 733|0x00000000ddd00000, 0x00000000ddd00000, 0x00000000dde00000|  0%| F|  |TAMS 0x00000000ddd00000, 0x00000000ddd00000| Untracked 
| 734|0x00000000dde00000, 0x00000000dde00000, 0x00000000ddf00000|  0%| F|  |TAMS 0x00000000dde00000, 0x00000000dde00000| Untracked 
| 735|0x00000000ddf00000, 0x00000000ddf00000, 0x00000000de000000|  0%| F|  |TAMS 0x00000000ddf00000, 0x00000000ddf00000| Untracked 
| 736|0x00000000de000000, 0x00000000de000000, 0x00000000de100000|  0%| F|  |TAMS 0x00000000de000000, 0x00000000de000000| Untracked 
| 737|0x00000000de100000, 0x00000000de100000, 0x00000000de200000|  0%| F|  |TAMS 0x00000000de100000, 0x00000000de100000| Untracked 
| 738|0x00000000de200000, 0x00000000de200000, 0x00000000de300000|  0%| F|  |TAMS 0x00000000de200000, 0x00000000de200000| Untracked 
| 739|0x00000000de300000, 0x00000000de300000, 0x00000000de400000|  0%| F|  |TAMS 0x00000000de300000, 0x00000000de300000| Untracked 
| 740|0x00000000de400000, 0x00000000de400000, 0x00000000de500000|  0%| F|  |TAMS 0x00000000de400000, 0x00000000de400000| Untracked 
| 741|0x00000000de500000, 0x00000000de500000, 0x00000000de600000|  0%| F|  |TAMS 0x00000000de500000, 0x00000000de500000| Untracked 
| 742|0x00000000de600000, 0x00000000de600000, 0x00000000de700000|  0%| F|  |TAMS 0x00000000de600000, 0x00000000de600000| Untracked 
| 743|0x00000000de700000, 0x00000000de700000, 0x00000000de800000|  0%| F|  |TAMS 0x00000000de700000, 0x00000000de700000| Untracked 
| 744|0x00000000de800000, 0x00000000de800000, 0x00000000de900000|  0%| F|  |TAMS 0x00000000de800000, 0x00000000de800000| Untracked 
| 745|0x00000000de900000, 0x00000000de900000, 0x00000000dea00000|  0%| F|  |TAMS 0x00000000de900000, 0x00000000de900000| Untracked 
| 746|0x00000000dea00000, 0x00000000dea00000, 0x00000000deb00000|  0%| F|  |TAMS 0x00000000dea00000, 0x00000000dea00000| Untracked 
| 747|0x00000000deb00000, 0x00000000deb00000, 0x00000000dec00000|  0%| F|  |TAMS 0x00000000deb00000, 0x00000000deb00000| Untracked 
| 748|0x00000000dec00000, 0x00000000dec00000, 0x00000000ded00000|  0%| F|  |TAMS 0x00000000dec00000, 0x00000000dec00000| Untracked 
| 749|0x00000000ded00000, 0x00000000ded00000, 0x00000000dee00000|  0%| F|  |TAMS 0x00000000ded00000, 0x00000000ded00000| Untracked 
| 750|0x00000000dee00000, 0x00000000dee00000, 0x00000000def00000|  0%| F|  |TAMS 0x00000000dee00000, 0x00000000dee00000| Untracked 
| 751|0x00000000def00000, 0x00000000def00000, 0x00000000df000000|  0%| F|  |TAMS 0x00000000def00000, 0x00000000def00000| Untracked 
| 752|0x00000000df000000, 0x00000000df000000, 0x00000000df100000|  0%| F|  |TAMS 0x00000000df000000, 0x00000000df000000| Untracked 
| 753|0x00000000df100000, 0x00000000df100000, 0x00000000df200000|  0%| F|  |TAMS 0x00000000df100000, 0x00000000df100000| Untracked 
| 754|0x00000000df200000, 0x00000000df200000, 0x00000000df300000|  0%| F|  |TAMS 0x00000000df200000, 0x00000000df200000| Untracked 
| 755|0x00000000df300000, 0x00000000df300000, 0x00000000df400000|  0%| F|  |TAMS 0x00000000df300000, 0x00000000df300000| Untracked 
| 756|0x00000000df400000, 0x00000000df400000, 0x00000000df500000|  0%| F|  |TAMS 0x00000000df400000, 0x00000000df400000| Untracked 
| 757|0x00000000df500000, 0x00000000df500000, 0x00000000df600000|  0%| F|  |TAMS 0x00000000df500000, 0x00000000df500000| Untracked 
| 758|0x00000000df600000, 0x00000000df600000, 0x00000000df700000|  0%| F|  |TAMS 0x00000000df600000, 0x00000000df600000| Untracked 
| 759|0x00000000df700000, 0x00000000df700000, 0x00000000df800000|  0%| F|  |TAMS 0x00000000df700000, 0x00000000df700000| Untracked 
| 760|0x00000000df800000, 0x00000000df800000, 0x00000000df900000|  0%| F|  |TAMS 0x00000000df800000, 0x00000000df800000| Untracked 
| 761|0x00000000df900000, 0x00000000df900000, 0x00000000dfa00000|  0%| F|  |TAMS 0x00000000df900000, 0x00000000df900000| Untracked 
| 762|0x00000000dfa00000, 0x00000000dfa00000, 0x00000000dfb00000|  0%| F|  |TAMS 0x00000000dfa00000, 0x00000000dfa00000| Untracked 
| 763|0x00000000dfb00000, 0x00000000dfb00000, 0x00000000dfc00000|  0%| F|  |TAMS 0x00000000dfb00000, 0x00000000dfb00000| Untracked 
| 764|0x00000000dfc00000, 0x00000000dfc00000, 0x00000000dfd00000|  0%| F|  |TAMS 0x00000000dfc00000, 0x00000000dfc00000| Untracked 
| 765|0x00000000dfd00000, 0x00000000dfd00000, 0x00000000dfe00000|  0%| F|  |TAMS 0x00000000dfd00000, 0x00000000dfd00000| Untracked 
| 766|0x00000000dfe00000, 0x00000000dfe00000, 0x00000000dff00000|  0%| F|  |TAMS 0x00000000dfe00000, 0x00000000dfe00000| Untracked 
| 767|0x00000000dff00000, 0x00000000dff00000, 0x00000000e0000000|  0%| F|  |TAMS 0x00000000dff00000, 0x00000000dff00000| Untracked 
| 768|0x00000000e0000000, 0x00000000e0000000, 0x00000000e0100000|  0%| F|  |TAMS 0x00000000e0000000, 0x00000000e0000000| Untracked 
| 769|0x00000000e0100000, 0x00000000e0100000, 0x00000000e0200000|  0%| F|  |TAMS 0x00000000e0100000, 0x00000000e0100000| Untracked 
| 770|0x00000000e0200000, 0x00000000e0200000, 0x00000000e0300000|  0%| F|  |TAMS 0x00000000e0200000, 0x00000000e0200000| Untracked 
| 771|0x00000000e0300000, 0x00000000e0300000, 0x00000000e0400000|  0%| F|  |TAMS 0x00000000e0300000, 0x00000000e0300000| Untracked 
| 772|0x00000000e0400000, 0x00000000e0400000, 0x00000000e0500000|  0%| F|  |TAMS 0x00000000e0400000, 0x00000000e0400000| Untracked 
| 773|0x00000000e0500000, 0x00000000e0500000, 0x00000000e0600000|  0%| F|  |TAMS 0x00000000e0500000, 0x00000000e0500000| Untracked 
| 774|0x00000000e0600000, 0x00000000e0600000, 0x00000000e0700000|  0%| F|  |TAMS 0x00000000e0600000, 0x00000000e0600000| Untracked 
| 775|0x00000000e0700000, 0x00000000e0700000, 0x00000000e0800000|  0%| F|  |TAMS 0x00000000e0700000, 0x00000000e0700000| Untracked 
| 776|0x00000000e0800000, 0x00000000e0800000, 0x00000000e0900000|  0%| F|  |TAMS 0x00000000e0800000, 0x00000000e0800000| Untracked 
| 777|0x00000000e0900000, 0x00000000e0900000, 0x00000000e0a00000|  0%| F|  |TAMS 0x00000000e0900000, 0x00000000e0900000| Untracked 
| 778|0x00000000e0a00000, 0x00000000e0a00000, 0x00000000e0b00000|  0%| F|  |TAMS 0x00000000e0a00000, 0x00000000e0a00000| Untracked 
| 779|0x00000000e0b00000, 0x00000000e0b00000, 0x00000000e0c00000|  0%| F|  |TAMS 0x00000000e0b00000, 0x00000000e0b00000| Untracked 
| 780|0x00000000e0c00000, 0x00000000e0c00000, 0x00000000e0d00000|  0%| F|  |TAMS 0x00000000e0c00000, 0x00000000e0c00000| Untracked 
| 781|0x00000000e0d00000, 0x00000000e0d00000, 0x00000000e0e00000|  0%| F|  |TAMS 0x00000000e0d00000, 0x00000000e0d00000| Untracked 
| 782|0x00000000e0e00000, 0x00000000e0e00000, 0x00000000e0f00000|  0%| F|  |TAMS 0x00000000e0e00000, 0x00000000e0e00000| Untracked 
| 783|0x00000000e0f00000, 0x00000000e0f00000, 0x00000000e1000000|  0%| F|  |TAMS 0x00000000e0f00000, 0x00000000e0f00000| Untracked 
| 784|0x00000000e1000000, 0x00000000e1000000, 0x00000000e1100000|  0%| F|  |TAMS 0x00000000e1000000, 0x00000000e1000000| Untracked 
| 785|0x00000000e1100000, 0x00000000e1100000, 0x00000000e1200000|  0%| F|  |TAMS 0x00000000e1100000, 0x00000000e1100000| Untracked 
| 786|0x00000000e1200000, 0x00000000e1200000, 0x00000000e1300000|  0%| F|  |TAMS 0x00000000e1200000, 0x00000000e1200000| Untracked 
| 787|0x00000000e1300000, 0x00000000e1300000, 0x00000000e1400000|  0%| F|  |TAMS 0x00000000e1300000, 0x00000000e1300000| Untracked 
| 788|0x00000000e1400000, 0x00000000e1400000, 0x00000000e1500000|  0%| F|  |TAMS 0x00000000e1400000, 0x00000000e1400000| Untracked 
| 789|0x00000000e1500000, 0x00000000e1500000, 0x00000000e1600000|  0%| F|  |TAMS 0x00000000e1500000, 0x00000000e1500000| Untracked 
| 790|0x00000000e1600000, 0x00000000e1600000, 0x00000000e1700000|  0%| F|  |TAMS 0x00000000e1600000, 0x00000000e1600000| Untracked 
| 791|0x00000000e1700000, 0x00000000e1700000, 0x00000000e1800000|  0%| F|  |TAMS 0x00000000e1700000, 0x00000000e1700000| Untracked 
| 792|0x00000000e1800000, 0x00000000e1800000, 0x00000000e1900000|  0%| F|  |TAMS 0x00000000e1800000, 0x00000000e1800000| Untracked 
| 793|0x00000000e1900000, 0x00000000e1900000, 0x00000000e1a00000|  0%| F|  |TAMS 0x00000000e1900000, 0x00000000e1900000| Untracked 
| 794|0x00000000e1a00000, 0x00000000e1a00000, 0x00000000e1b00000|  0%| F|  |TAMS 0x00000000e1a00000, 0x00000000e1a00000| Untracked 
| 795|0x00000000e1b00000, 0x00000000e1b00000, 0x00000000e1c00000|  0%| F|  |TAMS 0x00000000e1b00000, 0x00000000e1b00000| Untracked 
| 796|0x00000000e1c00000, 0x00000000e1c00000, 0x00000000e1d00000|  0%| F|  |TAMS 0x00000000e1c00000, 0x00000000e1c00000| Untracked 
| 797|0x00000000e1d00000, 0x00000000e1d00000, 0x00000000e1e00000|  0%| F|  |TAMS 0x00000000e1d00000, 0x00000000e1d00000| Untracked 
| 798|0x00000000e1e00000, 0x00000000e1e00000, 0x00000000e1f00000|  0%| F|  |TAMS 0x00000000e1e00000, 0x00000000e1e00000| Untracked 
| 799|0x00000000e1f00000, 0x00000000e1f00000, 0x00000000e2000000|  0%| F|  |TAMS 0x00000000e1f00000, 0x00000000e1f00000| Untracked 
| 800|0x00000000e2000000, 0x00000000e2000000, 0x00000000e2100000|  0%| F|  |TAMS 0x00000000e2000000, 0x00000000e2000000| Untracked 
| 801|0x00000000e2100000, 0x00000000e2100000, 0x00000000e2200000|  0%| F|  |TAMS 0x00000000e2100000, 0x00000000e2100000| Untracked 
| 802|0x00000000e2200000, 0x00000000e2200000, 0x00000000e2300000|  0%| F|  |TAMS 0x00000000e2200000, 0x00000000e2200000| Untracked 
| 803|0x00000000e2300000, 0x00000000e2300000, 0x00000000e2400000|  0%| F|  |TAMS 0x00000000e2300000, 0x00000000e2300000| Untracked 
| 804|0x00000000e2400000, 0x00000000e2400000, 0x00000000e2500000|  0%| F|  |TAMS 0x00000000e2400000, 0x00000000e2400000| Untracked 
| 805|0x00000000e2500000, 0x00000000e2500000, 0x00000000e2600000|  0%| F|  |TAMS 0x00000000e2500000, 0x00000000e2500000| Untracked 
| 806|0x00000000e2600000, 0x00000000e2600000, 0x00000000e2700000|  0%| F|  |TAMS 0x00000000e2600000, 0x00000000e2600000| Untracked 
| 807|0x00000000e2700000, 0x00000000e2700000, 0x00000000e2800000|  0%| F|  |TAMS 0x00000000e2700000, 0x00000000e2700000| Untracked 
| 808|0x00000000e2800000, 0x00000000e2800000, 0x00000000e2900000|  0%| F|  |TAMS 0x00000000e2800000, 0x00000000e2800000| Untracked 
| 809|0x00000000e2900000, 0x00000000e2900000, 0x00000000e2a00000|  0%| F|  |TAMS 0x00000000e2900000, 0x00000000e2900000| Untracked 
| 810|0x00000000e2a00000, 0x00000000e2a00000, 0x00000000e2b00000|  0%| F|  |TAMS 0x00000000e2a00000, 0x00000000e2a00000| Untracked 
| 811|0x00000000e2b00000, 0x00000000e2b00000, 0x00000000e2c00000|  0%| F|  |TAMS 0x00000000e2b00000, 0x00000000e2b00000| Untracked 
| 812|0x00000000e2c00000, 0x00000000e2c00000, 0x00000000e2d00000|  0%| F|  |TAMS 0x00000000e2c00000, 0x00000000e2c00000| Untracked 
| 813|0x00000000e2d00000, 0x00000000e2d00000, 0x00000000e2e00000|  0%| F|  |TAMS 0x00000000e2d00000, 0x00000000e2d00000| Untracked 
| 814|0x00000000e2e00000, 0x00000000e2e00000, 0x00000000e2f00000|  0%| F|  |TAMS 0x00000000e2e00000, 0x00000000e2e00000| Untracked 
| 815|0x00000000e2f00000, 0x00000000e2f00000, 0x00000000e3000000|  0%| F|  |TAMS 0x00000000e2f00000, 0x00000000e2f00000| Untracked 
| 816|0x00000000e3000000, 0x00000000e3000000, 0x00000000e3100000|  0%| F|  |TAMS 0x00000000e3000000, 0x00000000e3000000| Untracked 
| 817|0x00000000e3100000, 0x00000000e3100000, 0x00000000e3200000|  0%| F|  |TAMS 0x00000000e3100000, 0x00000000e3100000| Untracked 
| 818|0x00000000e3200000, 0x00000000e3200000, 0x00000000e3300000|  0%| F|  |TAMS 0x00000000e3200000, 0x00000000e3200000| Untracked 
| 819|0x00000000e3300000, 0x00000000e3300000, 0x00000000e3400000|  0%| F|  |TAMS 0x00000000e3300000, 0x00000000e3300000| Untracked 
| 820|0x00000000e3400000, 0x00000000e3400000, 0x00000000e3500000|  0%| F|  |TAMS 0x00000000e3400000, 0x00000000e3400000| Untracked 
| 821|0x00000000e3500000, 0x00000000e3500000, 0x00000000e3600000|  0%| F|  |TAMS 0x00000000e3500000, 0x00000000e3500000| Untracked 
| 822|0x00000000e3600000, 0x00000000e3600000, 0x00000000e3700000|  0%| F|  |TAMS 0x00000000e3600000, 0x00000000e3600000| Untracked 
| 823|0x00000000e3700000, 0x00000000e3700000, 0x00000000e3800000|  0%| F|  |TAMS 0x00000000e3700000, 0x00000000e3700000| Untracked 
| 824|0x00000000e3800000, 0x00000000e3800000, 0x00000000e3900000|  0%| F|  |TAMS 0x00000000e3800000, 0x00000000e3800000| Untracked 
| 825|0x00000000e3900000, 0x00000000e3900000, 0x00000000e3a00000|  0%| F|  |TAMS 0x00000000e3900000, 0x00000000e3900000| Untracked 
| 826|0x00000000e3a00000, 0x00000000e3a00000, 0x00000000e3b00000|  0%| F|  |TAMS 0x00000000e3a00000, 0x00000000e3a00000| Untracked 
| 827|0x00000000e3b00000, 0x00000000e3b00000, 0x00000000e3c00000|  0%| F|  |TAMS 0x00000000e3b00000, 0x00000000e3b00000| Untracked 
| 828|0x00000000e3c00000, 0x00000000e3c00000, 0x00000000e3d00000|  0%| F|  |TAMS 0x00000000e3c00000, 0x00000000e3c00000| Untracked 
| 829|0x00000000e3d00000, 0x00000000e3d00000, 0x00000000e3e00000|  0%| F|  |TAMS 0x00000000e3d00000, 0x00000000e3d00000| Untracked 
| 830|0x00000000e3e00000, 0x00000000e3e00000, 0x00000000e3f00000|  0%| F|  |TAMS 0x00000000e3e00000, 0x00000000e3e00000| Untracked 
| 831|0x00000000e3f00000, 0x00000000e3f00000, 0x00000000e4000000|  0%| F|  |TAMS 0x00000000e3f00000, 0x00000000e3f00000| Untracked 
| 832|0x00000000e4000000, 0x00000000e4000000, 0x00000000e4100000|  0%| F|  |TAMS 0x00000000e4000000, 0x00000000e4000000| Untracked 
| 833|0x00000000e4100000, 0x00000000e4100000, 0x00000000e4200000|  0%| F|  |TAMS 0x00000000e4100000, 0x00000000e4100000| Untracked 
| 834|0x00000000e4200000, 0x00000000e4200000, 0x00000000e4300000|  0%| F|  |TAMS 0x00000000e4200000, 0x00000000e4200000| Untracked 
| 835|0x00000000e4300000, 0x00000000e4300000, 0x00000000e4400000|  0%| F|  |TAMS 0x00000000e4300000, 0x00000000e4300000| Untracked 
| 836|0x00000000e4400000, 0x00000000e4400000, 0x00000000e4500000|  0%| F|  |TAMS 0x00000000e4400000, 0x00000000e4400000| Untracked 
| 837|0x00000000e4500000, 0x00000000e4500000, 0x00000000e4600000|  0%| F|  |TAMS 0x00000000e4500000, 0x00000000e4500000| Untracked 
| 838|0x00000000e4600000, 0x00000000e4600000, 0x00000000e4700000|  0%| F|  |TAMS 0x00000000e4600000, 0x00000000e4600000| Untracked 
| 839|0x00000000e4700000, 0x00000000e4700000, 0x00000000e4800000|  0%| F|  |TAMS 0x00000000e4700000, 0x00000000e4700000| Untracked 
| 840|0x00000000e4800000, 0x00000000e4800000, 0x00000000e4900000|  0%| F|  |TAMS 0x00000000e4800000, 0x00000000e4800000| Untracked 
| 841|0x00000000e4900000, 0x00000000e4900000, 0x00000000e4a00000|  0%| F|  |TAMS 0x00000000e4900000, 0x00000000e4900000| Untracked 
| 842|0x00000000e4a00000, 0x00000000e4a00000, 0x00000000e4b00000|  0%| F|  |TAMS 0x00000000e4a00000, 0x00000000e4a00000| Untracked 
| 843|0x00000000e4b00000, 0x00000000e4b00000, 0x00000000e4c00000|  0%| F|  |TAMS 0x00000000e4b00000, 0x00000000e4b00000| Untracked 
| 844|0x00000000e4c00000, 0x00000000e4c00000, 0x00000000e4d00000|  0%| F|  |TAMS 0x00000000e4c00000, 0x00000000e4c00000| Untracked 
| 845|0x00000000e4d00000, 0x00000000e4d00000, 0x00000000e4e00000|  0%| F|  |TAMS 0x00000000e4d00000, 0x00000000e4d00000| Untracked 
| 846|0x00000000e4e00000, 0x00000000e4e00000, 0x00000000e4f00000|  0%| F|  |TAMS 0x00000000e4e00000, 0x00000000e4e00000| Untracked 
| 847|0x00000000e4f00000, 0x00000000e4f00000, 0x00000000e5000000|  0%| F|  |TAMS 0x00000000e4f00000, 0x00000000e4f00000| Untracked 
| 848|0x00000000e5000000, 0x00000000e5000000, 0x00000000e5100000|  0%| F|  |TAMS 0x00000000e5000000, 0x00000000e5000000| Untracked 
| 849|0x00000000e5100000, 0x00000000e5100000, 0x00000000e5200000|  0%| F|  |TAMS 0x00000000e5100000, 0x00000000e5100000| Untracked 
| 850|0x00000000e5200000, 0x00000000e5200000, 0x00000000e5300000|  0%| F|  |TAMS 0x00000000e5200000, 0x00000000e5200000| Untracked 
| 851|0x00000000e5300000, 0x00000000e5300000, 0x00000000e5400000|  0%| F|  |TAMS 0x00000000e5300000, 0x00000000e5300000| Untracked 
| 852|0x00000000e5400000, 0x00000000e5400000, 0x00000000e5500000|  0%| F|  |TAMS 0x00000000e5400000, 0x00000000e5400000| Untracked 
| 853|0x00000000e5500000, 0x00000000e5500000, 0x00000000e5600000|  0%| F|  |TAMS 0x00000000e5500000, 0x00000000e5500000| Untracked 
| 854|0x00000000e5600000, 0x00000000e5600000, 0x00000000e5700000|  0%| F|  |TAMS 0x00000000e5600000, 0x00000000e5600000| Untracked 
| 855|0x00000000e5700000, 0x00000000e5700000, 0x00000000e5800000|  0%| F|  |TAMS 0x00000000e5700000, 0x00000000e5700000| Untracked 
| 856|0x00000000e5800000, 0x00000000e5800000, 0x00000000e5900000|  0%| F|  |TAMS 0x00000000e5800000, 0x00000000e5800000| Untracked 
| 857|0x00000000e5900000, 0x00000000e5a00000, 0x00000000e5a00000|100%|HS|  |TAMS 0x00000000e5900000, 0x00000000e5900000| Complete 
| 858|0x00000000e5a00000, 0x00000000e5b00000, 0x00000000e5b00000|100%|HC|  |TAMS 0x00000000e5a00000, 0x00000000e5a00000| Complete 
| 859|0x00000000e5b00000, 0x00000000e5c00000, 0x00000000e5c00000|100%|HC|  |TAMS 0x00000000e5b00000, 0x00000000e5b00000| Complete 
| 860|0x00000000e5c00000, 0x00000000e5d00000, 0x00000000e5d00000|100%|HC|  |TAMS 0x00000000e5c00000, 0x00000000e5c00000| Complete 
| 861|0x00000000e5d00000, 0x00000000e5e00000, 0x00000000e5e00000|100%|HC|  |TAMS 0x00000000e5d00000, 0x00000000e5d00000| Complete 
| 862|0x00000000e5e00000, 0x00000000e5f00000, 0x00000000e5f00000|100%| S|CS|TAMS 0x00000000e5e00000, 0x00000000e5e00000| Complete 
| 863|0x00000000e5f00000, 0x00000000e6000000, 0x00000000e6000000|100%| S|CS|TAMS 0x00000000e5f00000, 0x00000000e5f00000| Complete 
| 864|0x00000000e6000000, 0x00000000e6100000, 0x00000000e6100000|100%| S|CS|TAMS 0x00000000e6000000, 0x00000000e6000000| Complete 
| 865|0x00000000e6100000, 0x00000000e6100000, 0x00000000e6200000|  0%| F|  |TAMS 0x00000000e6100000, 0x00000000e6100000| Untracked 
| 866|0x00000000e6200000, 0x00000000e6200000, 0x00000000e6300000|  0%| F|  |TAMS 0x00000000e6200000, 0x00000000e6200000| Untracked 
| 867|0x00000000e6300000, 0x00000000e6300000, 0x00000000e6400000|  0%| F|  |TAMS 0x00000000e6300000, 0x00000000e6300000| Untracked 
| 868|0x00000000e6400000, 0x00000000e6400000, 0x00000000e6500000|  0%| F|  |TAMS 0x00000000e6400000, 0x00000000e6400000| Untracked 
| 869|0x00000000e6500000, 0x00000000e6500000, 0x00000000e6600000|  0%| F|  |TAMS 0x00000000e6500000, 0x00000000e6500000| Untracked 
| 870|0x00000000e6600000, 0x00000000e6600000, 0x00000000e6700000|  0%| F|  |TAMS 0x00000000e6600000, 0x00000000e6600000| Untracked 
| 871|0x00000000e6700000, 0x00000000e6700000, 0x00000000e6800000|  0%| F|  |TAMS 0x00000000e6700000, 0x00000000e6700000| Untracked 
| 872|0x00000000e6800000, 0x00000000e6800000, 0x00000000e6900000|  0%| F|  |TAMS 0x00000000e6800000, 0x00000000e6800000| Untracked 
| 873|0x00000000e6900000, 0x00000000e6900000, 0x00000000e6a00000|  0%| F|  |TAMS 0x00000000e6900000, 0x00000000e6900000| Untracked 
| 874|0x00000000e6a00000, 0x00000000e6a00000, 0x00000000e6b00000|  0%| F|  |TAMS 0x00000000e6a00000, 0x00000000e6a00000| Untracked 
| 875|0x00000000e6b00000, 0x00000000e6b00000, 0x00000000e6c00000|  0%| F|  |TAMS 0x00000000e6b00000, 0x00000000e6b00000| Untracked 
| 876|0x00000000e6c00000, 0x00000000e6c00000, 0x00000000e6d00000|  0%| F|  |TAMS 0x00000000e6c00000, 0x00000000e6c00000| Untracked 
| 877|0x00000000e6d00000, 0x00000000e6d00000, 0x00000000e6e00000|  0%| F|  |TAMS 0x00000000e6d00000, 0x00000000e6d00000| Untracked 
| 878|0x00000000e6e00000, 0x00000000e6e00000, 0x00000000e6f00000|  0%| F|  |TAMS 0x00000000e6e00000, 0x00000000e6e00000| Untracked 
| 879|0x00000000e6f00000, 0x00000000e6f00000, 0x00000000e7000000|  0%| F|  |TAMS 0x00000000e6f00000, 0x00000000e6f00000| Untracked 
| 880|0x00000000e7000000, 0x00000000e7000000, 0x00000000e7100000|  0%| F|  |TAMS 0x00000000e7000000, 0x00000000e7000000| Untracked 
| 881|0x00000000e7100000, 0x00000000e7100000, 0x00000000e7200000|  0%| F|  |TAMS 0x00000000e7100000, 0x00000000e7100000| Untracked 
| 882|0x00000000e7200000, 0x00000000e7200000, 0x00000000e7300000|  0%| F|  |TAMS 0x00000000e7200000, 0x00000000e7200000| Untracked 
| 883|0x00000000e7300000, 0x00000000e7300000, 0x00000000e7400000|  0%| F|  |TAMS 0x00000000e7300000, 0x00000000e7300000| Untracked 
| 884|0x00000000e7400000, 0x00000000e7400000, 0x00000000e7500000|  0%| F|  |TAMS 0x00000000e7400000, 0x00000000e7400000| Untracked 
| 885|0x00000000e7500000, 0x00000000e7500000, 0x00000000e7600000|  0%| F|  |TAMS 0x00000000e7500000, 0x00000000e7500000| Untracked 
| 886|0x00000000e7600000, 0x00000000e7600000, 0x00000000e7700000|  0%| F|  |TAMS 0x00000000e7600000, 0x00000000e7600000| Untracked 
| 887|0x00000000e7700000, 0x00000000e7700000, 0x00000000e7800000|  0%| F|  |TAMS 0x00000000e7700000, 0x00000000e7700000| Untracked 
| 888|0x00000000e7800000, 0x00000000e7800000, 0x00000000e7900000|  0%| F|  |TAMS 0x00000000e7800000, 0x00000000e7800000| Untracked 
| 889|0x00000000e7900000, 0x00000000e7900000, 0x00000000e7a00000|  0%| F|  |TAMS 0x00000000e7900000, 0x00000000e7900000| Untracked 
| 890|0x00000000e7a00000, 0x00000000e7a00000, 0x00000000e7b00000|  0%| F|  |TAMS 0x00000000e7a00000, 0x00000000e7a00000| Untracked 
| 891|0x00000000e7b00000, 0x00000000e7b00000, 0x00000000e7c00000|  0%| F|  |TAMS 0x00000000e7b00000, 0x00000000e7b00000| Untracked 
| 892|0x00000000e7c00000, 0x00000000e7c00000, 0x00000000e7d00000|  0%| F|  |TAMS 0x00000000e7c00000, 0x00000000e7c00000| Untracked 
| 893|0x00000000e7d00000, 0x00000000e7d00000, 0x00000000e7e00000|  0%| F|  |TAMS 0x00000000e7d00000, 0x00000000e7d00000| Untracked 
| 894|0x00000000e7e00000, 0x00000000e7e00000, 0x00000000e7f00000|  0%| F|  |TAMS 0x00000000e7e00000, 0x00000000e7e00000| Untracked 
| 895|0x00000000e7f00000, 0x00000000e7f00000, 0x00000000e8000000|  0%| F|  |TAMS 0x00000000e7f00000, 0x00000000e7f00000| Untracked 
| 896|0x00000000e8000000, 0x00000000e8000000, 0x00000000e8100000|  0%| F|  |TAMS 0x00000000e8000000, 0x00000000e8000000| Untracked 
| 897|0x00000000e8100000, 0x00000000e8100000, 0x00000000e8200000|  0%| F|  |TAMS 0x00000000e8100000, 0x00000000e8100000| Untracked 
| 898|0x00000000e8200000, 0x00000000e8200000, 0x00000000e8300000|  0%| F|  |TAMS 0x00000000e8200000, 0x00000000e8200000| Untracked 
| 899|0x00000000e8300000, 0x00000000e8300000, 0x00000000e8400000|  0%| F|  |TAMS 0x00000000e8300000, 0x00000000e8300000| Untracked 
| 900|0x00000000e8400000, 0x00000000e8400000, 0x00000000e8500000|  0%| F|  |TAMS 0x00000000e8400000, 0x00000000e8400000| Untracked 
| 901|0x00000000e8500000, 0x00000000e8500000, 0x00000000e8600000|  0%| F|  |TAMS 0x00000000e8500000, 0x00000000e8500000| Untracked 
| 902|0x00000000e8600000, 0x00000000e8600000, 0x00000000e8700000|  0%| F|  |TAMS 0x00000000e8600000, 0x00000000e8600000| Untracked 
| 903|0x00000000e8700000, 0x00000000e8700000, 0x00000000e8800000|  0%| F|  |TAMS 0x00000000e8700000, 0x00000000e8700000| Untracked 
| 904|0x00000000e8800000, 0x00000000e8800000, 0x00000000e8900000|  0%| F|  |TAMS 0x00000000e8800000, 0x00000000e8800000| Untracked 
| 905|0x00000000e8900000, 0x00000000e8900000, 0x00000000e8a00000|  0%| F|  |TAMS 0x00000000e8900000, 0x00000000e8900000| Untracked 
| 906|0x00000000e8a00000, 0x00000000e8a00000, 0x00000000e8b00000|  0%| F|  |TAMS 0x00000000e8a00000, 0x00000000e8a00000| Untracked 
| 907|0x00000000e8b00000, 0x00000000e8b00000, 0x00000000e8c00000|  0%| F|  |TAMS 0x00000000e8b00000, 0x00000000e8b00000| Untracked 
| 908|0x00000000e8c00000, 0x00000000e8c00000, 0x00000000e8d00000|  0%| F|  |TAMS 0x00000000e8c00000, 0x00000000e8c00000| Untracked 
| 909|0x00000000e8d00000, 0x00000000e8d00000, 0x00000000e8e00000|  0%| F|  |TAMS 0x00000000e8d00000, 0x00000000e8d00000| Untracked 
| 910|0x00000000e8e00000, 0x00000000e8e00000, 0x00000000e8f00000|  0%| F|  |TAMS 0x00000000e8e00000, 0x00000000e8e00000| Untracked 
| 911|0x00000000e8f00000, 0x00000000e8f00000, 0x00000000e9000000|  0%| F|  |TAMS 0x00000000e8f00000, 0x00000000e8f00000| Untracked 
| 912|0x00000000e9000000, 0x00000000e9000000, 0x00000000e9100000|  0%| F|  |TAMS 0x00000000e9000000, 0x00000000e9000000| Untracked 
| 913|0x00000000e9100000, 0x00000000e9100000, 0x00000000e9200000|  0%| F|  |TAMS 0x00000000e9100000, 0x00000000e9100000| Untracked 
| 914|0x00000000e9200000, 0x00000000e9200000, 0x00000000e9300000|  0%| F|  |TAMS 0x00000000e9200000, 0x00000000e9200000| Untracked 
| 915|0x00000000e9300000, 0x00000000e9300000, 0x00000000e9400000|  0%| F|  |TAMS 0x00000000e9300000, 0x00000000e9300000| Untracked 
| 916|0x00000000e9400000, 0x00000000e9400000, 0x00000000e9500000|  0%| F|  |TAMS 0x00000000e9400000, 0x00000000e9400000| Untracked 
| 917|0x00000000e9500000, 0x00000000e9500000, 0x00000000e9600000|  0%| F|  |TAMS 0x00000000e9500000, 0x00000000e9500000| Untracked 
| 918|0x00000000e9600000, 0x00000000e9600000, 0x00000000e9700000|  0%| F|  |TAMS 0x00000000e9600000, 0x00000000e9600000| Untracked 
| 919|0x00000000e9700000, 0x00000000e9700000, 0x00000000e9800000|  0%| F|  |TAMS 0x00000000e9700000, 0x00000000e9700000| Untracked 
| 920|0x00000000e9800000, 0x00000000e9800000, 0x00000000e9900000|  0%| F|  |TAMS 0x00000000e9800000, 0x00000000e9800000| Untracked 
| 921|0x00000000e9900000, 0x00000000e9900000, 0x00000000e9a00000|  0%| F|  |TAMS 0x00000000e9900000, 0x00000000e9900000| Untracked 
| 922|0x00000000e9a00000, 0x00000000e9a00000, 0x00000000e9b00000|  0%| F|  |TAMS 0x00000000e9a00000, 0x00000000e9a00000| Untracked 
| 923|0x00000000e9b00000, 0x00000000e9b00000, 0x00000000e9c00000|  0%| F|  |TAMS 0x00000000e9b00000, 0x00000000e9b00000| Untracked 
| 924|0x00000000e9c00000, 0x00000000e9c00000, 0x00000000e9d00000|  0%| F|  |TAMS 0x00000000e9c00000, 0x00000000e9c00000| Untracked 
| 925|0x00000000e9d00000, 0x00000000e9d00000, 0x00000000e9e00000|  0%| F|  |TAMS 0x00000000e9d00000, 0x00000000e9d00000| Untracked 
| 926|0x00000000e9e00000, 0x00000000e9e00000, 0x00000000e9f00000|  0%| F|  |TAMS 0x00000000e9e00000, 0x00000000e9e00000| Untracked 
| 927|0x00000000e9f00000, 0x00000000e9f00000, 0x00000000ea000000|  0%| F|  |TAMS 0x00000000e9f00000, 0x00000000e9f00000| Untracked 
| 928|0x00000000ea000000, 0x00000000ea000000, 0x00000000ea100000|  0%| F|  |TAMS 0x00000000ea000000, 0x00000000ea000000| Untracked 
| 929|0x00000000ea100000, 0x00000000ea100000, 0x00000000ea200000|  0%| F|  |TAMS 0x00000000ea100000, 0x00000000ea100000| Untracked 
| 930|0x00000000ea200000, 0x00000000ea200000, 0x00000000ea300000|  0%| F|  |TAMS 0x00000000ea200000, 0x00000000ea200000| Untracked 
| 931|0x00000000ea300000, 0x00000000ea300000, 0x00000000ea400000|  0%| F|  |TAMS 0x00000000ea300000, 0x00000000ea300000| Untracked 
| 932|0x00000000ea400000, 0x00000000ea400000, 0x00000000ea500000|  0%| F|  |TAMS 0x00000000ea400000, 0x00000000ea400000| Untracked 
| 933|0x00000000ea500000, 0x00000000ea500000, 0x00000000ea600000|  0%| F|  |TAMS 0x00000000ea500000, 0x00000000ea500000| Untracked 
| 934|0x00000000ea600000, 0x00000000ea600000, 0x00000000ea700000|  0%| F|  |TAMS 0x00000000ea600000, 0x00000000ea600000| Untracked 
| 935|0x00000000ea700000, 0x00000000ea700000, 0x00000000ea800000|  0%| F|  |TAMS 0x00000000ea700000, 0x00000000ea700000| Untracked 
| 936|0x00000000ea800000, 0x00000000ea800000, 0x00000000ea900000|  0%| F|  |TAMS 0x00000000ea800000, 0x00000000ea800000| Untracked 
| 937|0x00000000ea900000, 0x00000000ea900000, 0x00000000eaa00000|  0%| F|  |TAMS 0x00000000ea900000, 0x00000000ea900000| Untracked 
| 938|0x00000000eaa00000, 0x00000000eaa00000, 0x00000000eab00000|  0%| F|  |TAMS 0x00000000eaa00000, 0x00000000eaa00000| Untracked 
| 939|0x00000000eab00000, 0x00000000eab00000, 0x00000000eac00000|  0%| F|  |TAMS 0x00000000eab00000, 0x00000000eab00000| Untracked 
| 940|0x00000000eac00000, 0x00000000eac00000, 0x00000000ead00000|  0%| F|  |TAMS 0x00000000eac00000, 0x00000000eac00000| Untracked 
| 941|0x00000000ead00000, 0x00000000ead00000, 0x00000000eae00000|  0%| F|  |TAMS 0x00000000ead00000, 0x00000000ead00000| Untracked 
| 942|0x00000000eae00000, 0x00000000eae00000, 0x00000000eaf00000|  0%| F|  |TAMS 0x00000000eae00000, 0x00000000eae00000| Untracked 
| 943|0x00000000eaf00000, 0x00000000eaf00000, 0x00000000eb000000|  0%| F|  |TAMS 0x00000000eaf00000, 0x00000000eaf00000| Untracked 
| 944|0x00000000eb000000, 0x00000000eb000000, 0x00000000eb100000|  0%| F|  |TAMS 0x00000000eb000000, 0x00000000eb000000| Untracked 
| 945|0x00000000eb100000, 0x00000000eb100000, 0x00000000eb200000|  0%| F|  |TAMS 0x00000000eb100000, 0x00000000eb100000| Untracked 
| 946|0x00000000eb200000, 0x00000000eb200000, 0x00000000eb300000|  0%| F|  |TAMS 0x00000000eb200000, 0x00000000eb200000| Untracked 
| 947|0x00000000eb300000, 0x00000000eb300000, 0x00000000eb400000|  0%| F|  |TAMS 0x00000000eb300000, 0x00000000eb300000| Untracked 
| 948|0x00000000eb400000, 0x00000000eb400000, 0x00000000eb500000|  0%| F|  |TAMS 0x00000000eb400000, 0x00000000eb400000| Untracked 
| 949|0x00000000eb500000, 0x00000000eb500000, 0x00000000eb600000|  0%| F|  |TAMS 0x00000000eb500000, 0x00000000eb500000| Untracked 
| 950|0x00000000eb600000, 0x00000000eb600000, 0x00000000eb700000|  0%| F|  |TAMS 0x00000000eb600000, 0x00000000eb600000| Untracked 
| 951|0x00000000eb700000, 0x00000000eb700000, 0x00000000eb800000|  0%| F|  |TAMS 0x00000000eb700000, 0x00000000eb700000| Untracked 
| 952|0x00000000eb800000, 0x00000000eb800000, 0x00000000eb900000|  0%| F|  |TAMS 0x00000000eb800000, 0x00000000eb800000| Untracked 
| 953|0x00000000eb900000, 0x00000000eb900000, 0x00000000eba00000|  0%| F|  |TAMS 0x00000000eb900000, 0x00000000eb900000| Untracked 
| 954|0x00000000eba00000, 0x00000000eba00000, 0x00000000ebb00000|  0%| F|  |TAMS 0x00000000eba00000, 0x00000000eba00000| Untracked 
| 955|0x00000000ebb00000, 0x00000000ebb00000, 0x00000000ebc00000|  0%| F|  |TAMS 0x00000000ebb00000, 0x00000000ebb00000| Untracked 
| 956|0x00000000ebc00000, 0x00000000ebc00000, 0x00000000ebd00000|  0%| F|  |TAMS 0x00000000ebc00000, 0x00000000ebc00000| Untracked 
| 957|0x00000000ebd00000, 0x00000000ebd00000, 0x00000000ebe00000|  0%| F|  |TAMS 0x00000000ebd00000, 0x00000000ebd00000| Untracked 
| 958|0x00000000ebe00000, 0x00000000ebe00000, 0x00000000ebf00000|  0%| F|  |TAMS 0x00000000ebe00000, 0x00000000ebe00000| Untracked 
| 959|0x00000000ebf00000, 0x00000000ebf00000, 0x00000000ec000000|  0%| F|  |TAMS 0x00000000ebf00000, 0x00000000ebf00000| Untracked 
| 960|0x00000000ec000000, 0x00000000ec000000, 0x00000000ec100000|  0%| F|  |TAMS 0x00000000ec000000, 0x00000000ec000000| Untracked 
| 961|0x00000000ec100000, 0x00000000ec100000, 0x00000000ec200000|  0%| F|  |TAMS 0x00000000ec100000, 0x00000000ec100000| Untracked 
| 962|0x00000000ec200000, 0x00000000ec200000, 0x00000000ec300000|  0%| F|  |TAMS 0x00000000ec200000, 0x00000000ec200000| Untracked 
| 963|0x00000000ec300000, 0x00000000ec300000, 0x00000000ec400000|  0%| F|  |TAMS 0x00000000ec300000, 0x00000000ec300000| Untracked 
| 964|0x00000000ec400000, 0x00000000ec400000, 0x00000000ec500000|  0%| F|  |TAMS 0x00000000ec400000, 0x00000000ec400000| Untracked 
| 965|0x00000000ec500000, 0x00000000ec500000, 0x00000000ec600000|  0%| F|  |TAMS 0x00000000ec500000, 0x00000000ec500000| Untracked 
| 966|0x00000000ec600000, 0x00000000ec600000, 0x00000000ec700000|  0%| F|  |TAMS 0x00000000ec600000, 0x00000000ec600000| Untracked 
| 967|0x00000000ec700000, 0x00000000ec700000, 0x00000000ec800000|  0%| F|  |TAMS 0x00000000ec700000, 0x00000000ec700000| Untracked 
| 968|0x00000000ec800000, 0x00000000ec800000, 0x00000000ec900000|  0%| F|  |TAMS 0x00000000ec800000, 0x00000000ec800000| Untracked 
| 969|0x00000000ec900000, 0x00000000ec900000, 0x00000000eca00000|  0%| F|  |TAMS 0x00000000ec900000, 0x00000000ec900000| Untracked 
| 970|0x00000000eca00000, 0x00000000eca00000, 0x00000000ecb00000|  0%| F|  |TAMS 0x00000000eca00000, 0x00000000eca00000| Untracked 
| 971|0x00000000ecb00000, 0x00000000ecb00000, 0x00000000ecc00000|  0%| F|  |TAMS 0x00000000ecb00000, 0x00000000ecb00000| Untracked 
| 972|0x00000000ecc00000, 0x00000000ecc00000, 0x00000000ecd00000|  0%| F|  |TAMS 0x00000000ecc00000, 0x00000000ecc00000| Untracked 
| 973|0x00000000ecd00000, 0x00000000ecd00000, 0x00000000ece00000|  0%| F|  |TAMS 0x00000000ecd00000, 0x00000000ecd00000| Untracked 
| 974|0x00000000ece00000, 0x00000000ece00000, 0x00000000ecf00000|  0%| F|  |TAMS 0x00000000ece00000, 0x00000000ece00000| Untracked 
| 975|0x00000000ecf00000, 0x00000000ecf00000, 0x00000000ed000000|  0%| F|  |TAMS 0x00000000ecf00000, 0x00000000ecf00000| Untracked 
| 976|0x00000000ed000000, 0x00000000ed000000, 0x00000000ed100000|  0%| F|  |TAMS 0x00000000ed000000, 0x00000000ed000000| Untracked 
| 977|0x00000000ed100000, 0x00000000ed100000, 0x00000000ed200000|  0%| F|  |TAMS 0x00000000ed100000, 0x00000000ed100000| Untracked 
| 978|0x00000000ed200000, 0x00000000ed200000, 0x00000000ed300000|  0%| F|  |TAMS 0x00000000ed200000, 0x00000000ed200000| Untracked 
| 979|0x00000000ed300000, 0x00000000ed300000, 0x00000000ed400000|  0%| F|  |TAMS 0x00000000ed300000, 0x00000000ed300000| Untracked 
| 980|0x00000000ed400000, 0x00000000ed400000, 0x00000000ed500000|  0%| F|  |TAMS 0x00000000ed400000, 0x00000000ed400000| Untracked 
| 981|0x00000000ed500000, 0x00000000ed500000, 0x00000000ed600000|  0%| F|  |TAMS 0x00000000ed500000, 0x00000000ed500000| Untracked 
| 982|0x00000000ed600000, 0x00000000ed600000, 0x00000000ed700000|  0%| F|  |TAMS 0x00000000ed600000, 0x00000000ed600000| Untracked 
| 983|0x00000000ed700000, 0x00000000ed700000, 0x00000000ed800000|  0%| F|  |TAMS 0x00000000ed700000, 0x00000000ed700000| Untracked 
| 984|0x00000000ed800000, 0x00000000ed800000, 0x00000000ed900000|  0%| F|  |TAMS 0x00000000ed800000, 0x00000000ed800000| Untracked 
| 985|0x00000000ed900000, 0x00000000ed900000, 0x00000000eda00000|  0%| F|  |TAMS 0x00000000ed900000, 0x00000000ed900000| Untracked 
| 986|0x00000000eda00000, 0x00000000eda00000, 0x00000000edb00000|  0%| F|  |TAMS 0x00000000eda00000, 0x00000000eda00000| Untracked 
| 987|0x00000000edb00000, 0x00000000edb00000, 0x00000000edc00000|  0%| F|  |TAMS 0x00000000edb00000, 0x00000000edb00000| Untracked 
| 988|0x00000000edc00000, 0x00000000edc00000, 0x00000000edd00000|  0%| F|  |TAMS 0x00000000edc00000, 0x00000000edc00000| Untracked 
| 989|0x00000000edd00000, 0x00000000edd00000, 0x00000000ede00000|  0%| F|  |TAMS 0x00000000edd00000, 0x00000000edd00000| Untracked 
| 990|0x00000000ede00000, 0x00000000ede00000, 0x00000000edf00000|  0%| F|  |TAMS 0x00000000ede00000, 0x00000000ede00000| Untracked 
| 991|0x00000000edf00000, 0x00000000edf00000, 0x00000000ee000000|  0%| F|  |TAMS 0x00000000edf00000, 0x00000000edf00000| Untracked 
| 992|0x00000000ee000000, 0x00000000ee000000, 0x00000000ee100000|  0%| F|  |TAMS 0x00000000ee000000, 0x00000000ee000000| Untracked 
| 993|0x00000000ee100000, 0x00000000ee100000, 0x00000000ee200000|  0%| F|  |TAMS 0x00000000ee100000, 0x00000000ee100000| Untracked 
| 994|0x00000000ee200000, 0x00000000ee200000, 0x00000000ee300000|  0%| F|  |TAMS 0x00000000ee200000, 0x00000000ee200000| Untracked 
| 995|0x00000000ee300000, 0x00000000ee300000, 0x00000000ee400000|  0%| F|  |TAMS 0x00000000ee300000, 0x00000000ee300000| Untracked 
| 996|0x00000000ee400000, 0x00000000ee400000, 0x00000000ee500000|  0%| F|  |TAMS 0x00000000ee400000, 0x00000000ee400000| Untracked 
| 997|0x00000000ee500000, 0x00000000ee500000, 0x00000000ee600000|  0%| F|  |TAMS 0x00000000ee500000, 0x00000000ee500000| Untracked 
| 998|0x00000000ee600000, 0x00000000ee600000, 0x00000000ee700000|  0%| F|  |TAMS 0x00000000ee600000, 0x00000000ee600000| Untracked 
| 999|0x00000000ee700000, 0x00000000ee700000, 0x00000000ee800000|  0%| F|  |TAMS 0x00000000ee700000, 0x00000000ee700000| Untracked 
|1000|0x00000000ee800000, 0x00000000ee800000, 0x00000000ee900000|  0%| F|  |TAMS 0x00000000ee800000, 0x00000000ee800000| Untracked 
|1001|0x00000000ee900000, 0x00000000ee900000, 0x00000000eea00000|  0%| F|  |TAMS 0x00000000ee900000, 0x00000000ee900000| Untracked 
|1002|0x00000000eea00000, 0x00000000eea00000, 0x00000000eeb00000|  0%| F|  |TAMS 0x00000000eea00000, 0x00000000eea00000| Untracked 
|1003|0x00000000eeb00000, 0x00000000eeb00000, 0x00000000eec00000|  0%| F|  |TAMS 0x00000000eeb00000, 0x00000000eeb00000| Untracked 
|1004|0x00000000eec00000, 0x00000000eec00000, 0x00000000eed00000|  0%| F|  |TAMS 0x00000000eec00000, 0x00000000eec00000| Untracked 
|1005|0x00000000eed00000, 0x00000000eed00000, 0x00000000eee00000|  0%| F|  |TAMS 0x00000000eed00000, 0x00000000eed00000| Untracked 
|1006|0x00000000eee00000, 0x00000000eee00000, 0x00000000eef00000|  0%| F|  |TAMS 0x00000000eee00000, 0x00000000eee00000| Untracked 
|1007|0x00000000eef00000, 0x00000000eef00000, 0x00000000ef000000|  0%| F|  |TAMS 0x00000000eef00000, 0x00000000eef00000| Untracked 
|1008|0x00000000ef000000, 0x00000000ef000000, 0x00000000ef100000|  0%| F|  |TAMS 0x00000000ef000000, 0x00000000ef000000| Untracked 
|1009|0x00000000ef100000, 0x00000000ef100000, 0x00000000ef200000|  0%| F|  |TAMS 0x00000000ef100000, 0x00000000ef100000| Untracked 
|1010|0x00000000ef200000, 0x00000000ef200000, 0x00000000ef300000|  0%| F|  |TAMS 0x00000000ef200000, 0x00000000ef200000| Untracked 
|1011|0x00000000ef300000, 0x00000000ef300000, 0x00000000ef400000|  0%| F|  |TAMS 0x00000000ef300000, 0x00000000ef300000| Untracked 
|1012|0x00000000ef400000, 0x00000000ef400000, 0x00000000ef500000|  0%| F|  |TAMS 0x00000000ef400000, 0x00000000ef400000| Untracked 
|1013|0x00000000ef500000, 0x00000000ef500000, 0x00000000ef600000|  0%| F|  |TAMS 0x00000000ef500000, 0x00000000ef500000| Untracked 
|1014|0x00000000ef600000, 0x00000000ef600000, 0x00000000ef700000|  0%| F|  |TAMS 0x00000000ef600000, 0x00000000ef600000| Untracked 
|1015|0x00000000ef700000, 0x00000000ef700000, 0x00000000ef800000|  0%| F|  |TAMS 0x00000000ef700000, 0x00000000ef700000| Untracked 
|1016|0x00000000ef800000, 0x00000000ef800000, 0x00000000ef900000|  0%| F|  |TAMS 0x00000000ef800000, 0x00000000ef800000| Untracked 
|1017|0x00000000ef900000, 0x00000000ef900000, 0x00000000efa00000|  0%| F|  |TAMS 0x00000000ef900000, 0x00000000ef900000| Untracked 
|1018|0x00000000efa00000, 0x00000000efa00000, 0x00000000efb00000|  0%| F|  |TAMS 0x00000000efa00000, 0x00000000efa00000| Untracked 
|1019|0x00000000efb00000, 0x00000000efb00000, 0x00000000efc00000|  0%| F|  |TAMS 0x00000000efb00000, 0x00000000efb00000| Untracked 
|1020|0x00000000efc00000, 0x00000000efc00000, 0x00000000efd00000|  0%| F|  |TAMS 0x00000000efc00000, 0x00000000efc00000| Untracked 
|1021|0x00000000efd00000, 0x00000000efd00000, 0x00000000efe00000|  0%| F|  |TAMS 0x00000000efd00000, 0x00000000efd00000| Untracked 
|1022|0x00000000efe00000, 0x00000000efe00000, 0x00000000eff00000|  0%| F|  |TAMS 0x00000000efe00000, 0x00000000efe00000| Untracked 
|1023|0x00000000eff00000, 0x00000000eff00000, 0x00000000f0000000|  0%| F|  |TAMS 0x00000000eff00000, 0x00000000eff00000| Untracked 
|1024|0x00000000f0000000, 0x00000000f0000000, 0x00000000f0100000|  0%| F|  |TAMS 0x00000000f0000000, 0x00000000f0000000| Untracked 
|1025|0x00000000f0100000, 0x00000000f0100000, 0x00000000f0200000|  0%| F|  |TAMS 0x00000000f0100000, 0x00000000f0100000| Untracked 
|1026|0x00000000f0200000, 0x00000000f0200000, 0x00000000f0300000|  0%| F|  |TAMS 0x00000000f0200000, 0x00000000f0200000| Untracked 
|1027|0x00000000f0300000, 0x00000000f0300000, 0x00000000f0400000|  0%| F|  |TAMS 0x00000000f0300000, 0x00000000f0300000| Untracked 
|1028|0x00000000f0400000, 0x00000000f0400000, 0x00000000f0500000|  0%| F|  |TAMS 0x00000000f0400000, 0x00000000f0400000| Untracked 
|1029|0x00000000f0500000, 0x00000000f0500000, 0x00000000f0600000|  0%| F|  |TAMS 0x00000000f0500000, 0x00000000f0500000| Untracked 
|1030|0x00000000f0600000, 0x00000000f0600000, 0x00000000f0700000|  0%| F|  |TAMS 0x00000000f0600000, 0x00000000f0600000| Untracked 
|1031|0x00000000f0700000, 0x00000000f0700000, 0x00000000f0800000|  0%| F|  |TAMS 0x00000000f0700000, 0x00000000f0700000| Untracked 
|1032|0x00000000f0800000, 0x00000000f0800000, 0x00000000f0900000|  0%| F|  |TAMS 0x00000000f0800000, 0x00000000f0800000| Untracked 
|1033|0x00000000f0900000, 0x00000000f0900000, 0x00000000f0a00000|  0%| F|  |TAMS 0x00000000f0900000, 0x00000000f0900000| Untracked 
|1034|0x00000000f0a00000, 0x00000000f0a00000, 0x00000000f0b00000|  0%| F|  |TAMS 0x00000000f0a00000, 0x00000000f0a00000| Untracked 
|1035|0x00000000f0b00000, 0x00000000f0b00000, 0x00000000f0c00000|  0%| F|  |TAMS 0x00000000f0b00000, 0x00000000f0b00000| Untracked 
|1036|0x00000000f0c00000, 0x00000000f0c00000, 0x00000000f0d00000|  0%| F|  |TAMS 0x00000000f0c00000, 0x00000000f0c00000| Untracked 
|1037|0x00000000f0d00000, 0x00000000f0d00000, 0x00000000f0e00000|  0%| F|  |TAMS 0x00000000f0d00000, 0x00000000f0d00000| Untracked 
|1038|0x00000000f0e00000, 0x00000000f0e00000, 0x00000000f0f00000|  0%| F|  |TAMS 0x00000000f0e00000, 0x00000000f0e00000| Untracked 
|1039|0x00000000f0f00000, 0x00000000f0f00000, 0x00000000f1000000|  0%| F|  |TAMS 0x00000000f0f00000, 0x00000000f0f00000| Untracked 
|1040|0x00000000f1000000, 0x00000000f1000000, 0x00000000f1100000|  0%| F|  |TAMS 0x00000000f1000000, 0x00000000f1000000| Untracked 
|1041|0x00000000f1100000, 0x00000000f1100000, 0x00000000f1200000|  0%| F|  |TAMS 0x00000000f1100000, 0x00000000f1100000| Untracked 
|1042|0x00000000f1200000, 0x00000000f1200000, 0x00000000f1300000|  0%| F|  |TAMS 0x00000000f1200000, 0x00000000f1200000| Untracked 
|1043|0x00000000f1300000, 0x00000000f1300000, 0x00000000f1400000|  0%| F|  |TAMS 0x00000000f1300000, 0x00000000f1300000| Untracked 
|1044|0x00000000f1400000, 0x00000000f1400000, 0x00000000f1500000|  0%| F|  |TAMS 0x00000000f1400000, 0x00000000f1400000| Untracked 
|1045|0x00000000f1500000, 0x00000000f1500000, 0x00000000f1600000|  0%| F|  |TAMS 0x00000000f1500000, 0x00000000f1500000| Untracked 
|1046|0x00000000f1600000, 0x00000000f1600000, 0x00000000f1700000|  0%| F|  |TAMS 0x00000000f1600000, 0x00000000f1600000| Untracked 
|1047|0x00000000f1700000, 0x00000000f1700000, 0x00000000f1800000|  0%| F|  |TAMS 0x00000000f1700000, 0x00000000f1700000| Untracked 
|1048|0x00000000f1800000, 0x00000000f1800000, 0x00000000f1900000|  0%| F|  |TAMS 0x00000000f1800000, 0x00000000f1800000| Untracked 
|1049|0x00000000f1900000, 0x00000000f1900000, 0x00000000f1a00000|  0%| F|  |TAMS 0x00000000f1900000, 0x00000000f1900000| Untracked 
|1050|0x00000000f1a00000, 0x00000000f1a00000, 0x00000000f1b00000|  0%| F|  |TAMS 0x00000000f1a00000, 0x00000000f1a00000| Untracked 
|1051|0x00000000f1b00000, 0x00000000f1b00000, 0x00000000f1c00000|  0%| F|  |TAMS 0x00000000f1b00000, 0x00000000f1b00000| Untracked 
|1052|0x00000000f1c00000, 0x00000000f1c00000, 0x00000000f1d00000|  0%| F|  |TAMS 0x00000000f1c00000, 0x00000000f1c00000| Untracked 
|1053|0x00000000f1d00000, 0x00000000f1d00000, 0x00000000f1e00000|  0%| F|  |TAMS 0x00000000f1d00000, 0x00000000f1d00000| Untracked 
|1054|0x00000000f1e00000, 0x00000000f1e00000, 0x00000000f1f00000|  0%| F|  |TAMS 0x00000000f1e00000, 0x00000000f1e00000| Untracked 
|1055|0x00000000f1f00000, 0x00000000f1f00000, 0x00000000f2000000|  0%| F|  |TAMS 0x00000000f1f00000, 0x00000000f1f00000| Untracked 
|1056|0x00000000f2000000, 0x00000000f2000000, 0x00000000f2100000|  0%| F|  |TAMS 0x00000000f2000000, 0x00000000f2000000| Untracked 
|1057|0x00000000f2100000, 0x00000000f2100000, 0x00000000f2200000|  0%| F|  |TAMS 0x00000000f2100000, 0x00000000f2100000| Untracked 
|1058|0x00000000f2200000, 0x00000000f2200000, 0x00000000f2300000|  0%| F|  |TAMS 0x00000000f2200000, 0x00000000f2200000| Untracked 
|1059|0x00000000f2300000, 0x00000000f2300000, 0x00000000f2400000|  0%| F|  |TAMS 0x00000000f2300000, 0x00000000f2300000| Untracked 
|1060|0x00000000f2400000, 0x00000000f2400000, 0x00000000f2500000|  0%| F|  |TAMS 0x00000000f2400000, 0x00000000f2400000| Untracked 
|1061|0x00000000f2500000, 0x00000000f2500000, 0x00000000f2600000|  0%| F|  |TAMS 0x00000000f2500000, 0x00000000f2500000| Untracked 
|1062|0x00000000f2600000, 0x00000000f2600000, 0x00000000f2700000|  0%| F|  |TAMS 0x00000000f2600000, 0x00000000f2600000| Untracked 
|1063|0x00000000f2700000, 0x00000000f2700000, 0x00000000f2800000|  0%| F|  |TAMS 0x00000000f2700000, 0x00000000f2700000| Untracked 
|1064|0x00000000f2800000, 0x00000000f2800000, 0x00000000f2900000|  0%| F|  |TAMS 0x00000000f2800000, 0x00000000f2800000| Untracked 
|1065|0x00000000f2900000, 0x00000000f2900000, 0x00000000f2a00000|  0%| F|  |TAMS 0x00000000f2900000, 0x00000000f2900000| Untracked 
|1066|0x00000000f2a00000, 0x00000000f2a00000, 0x00000000f2b00000|  0%| F|  |TAMS 0x00000000f2a00000, 0x00000000f2a00000| Untracked 
|1067|0x00000000f2b00000, 0x00000000f2b00000, 0x00000000f2c00000|  0%| F|  |TAMS 0x00000000f2b00000, 0x00000000f2b00000| Untracked 
|1068|0x00000000f2c00000, 0x00000000f2c00000, 0x00000000f2d00000|  0%| F|  |TAMS 0x00000000f2c00000, 0x00000000f2c00000| Untracked 
|1069|0x00000000f2d00000, 0x00000000f2d00000, 0x00000000f2e00000|  0%| F|  |TAMS 0x00000000f2d00000, 0x00000000f2d00000| Untracked 
|1070|0x00000000f2e00000, 0x00000000f2e00000, 0x00000000f2f00000|  0%| F|  |TAMS 0x00000000f2e00000, 0x00000000f2e00000| Untracked 
|1071|0x00000000f2f00000, 0x00000000f2f00000, 0x00000000f3000000|  0%| F|  |TAMS 0x00000000f2f00000, 0x00000000f2f00000| Untracked 
|1072|0x00000000f3000000, 0x00000000f3000000, 0x00000000f3100000|  0%| F|  |TAMS 0x00000000f3000000, 0x00000000f3000000| Untracked 
|1073|0x00000000f3100000, 0x00000000f3100000, 0x00000000f3200000|  0%| F|  |TAMS 0x00000000f3100000, 0x00000000f3100000| Untracked 
|1074|0x00000000f3200000, 0x00000000f3200000, 0x00000000f3300000|  0%| F|  |TAMS 0x00000000f3200000, 0x00000000f3200000| Untracked 
|1075|0x00000000f3300000, 0x00000000f3300000, 0x00000000f3400000|  0%| F|  |TAMS 0x00000000f3300000, 0x00000000f3300000| Untracked 
|1076|0x00000000f3400000, 0x00000000f3400000, 0x00000000f3500000|  0%| F|  |TAMS 0x00000000f3400000, 0x00000000f3400000| Untracked 
|1077|0x00000000f3500000, 0x00000000f3500000, 0x00000000f3600000|  0%| F|  |TAMS 0x00000000f3500000, 0x00000000f3500000| Untracked 
|1078|0x00000000f3600000, 0x00000000f3600000, 0x00000000f3700000|  0%| F|  |TAMS 0x00000000f3600000, 0x00000000f3600000| Untracked 
|1079|0x00000000f3700000, 0x00000000f3700000, 0x00000000f3800000|  0%| F|  |TAMS 0x00000000f3700000, 0x00000000f3700000| Untracked 
|1080|0x00000000f3800000, 0x00000000f3800000, 0x00000000f3900000|  0%| F|  |TAMS 0x00000000f3800000, 0x00000000f3800000| Untracked 
|1081|0x00000000f3900000, 0x00000000f3900000, 0x00000000f3a00000|  0%| F|  |TAMS 0x00000000f3900000, 0x00000000f3900000| Untracked 
|1082|0x00000000f3a00000, 0x00000000f3a00000, 0x00000000f3b00000|  0%| F|  |TAMS 0x00000000f3a00000, 0x00000000f3a00000| Untracked 
|1083|0x00000000f3b00000, 0x00000000f3b00000, 0x00000000f3c00000|  0%| F|  |TAMS 0x00000000f3b00000, 0x00000000f3b00000| Untracked 
|1084|0x00000000f3c00000, 0x00000000f3c00000, 0x00000000f3d00000|  0%| F|  |TAMS 0x00000000f3c00000, 0x00000000f3c00000| Untracked 
|1085|0x00000000f3d00000, 0x00000000f3d00000, 0x00000000f3e00000|  0%| F|  |TAMS 0x00000000f3d00000, 0x00000000f3d00000| Untracked 
|1086|0x00000000f3e00000, 0x00000000f3e00000, 0x00000000f3f00000|  0%| F|  |TAMS 0x00000000f3e00000, 0x00000000f3e00000| Untracked 
|1087|0x00000000f3f00000, 0x00000000f3f00000, 0x00000000f4000000|  0%| F|  |TAMS 0x00000000f3f00000, 0x00000000f3f00000| Untracked 
|1088|0x00000000f4000000, 0x00000000f4000000, 0x00000000f4100000|  0%| F|  |TAMS 0x00000000f4000000, 0x00000000f4000000| Untracked 
|1089|0x00000000f4100000, 0x00000000f4100000, 0x00000000f4200000|  0%| F|  |TAMS 0x00000000f4100000, 0x00000000f4100000| Untracked 
|1090|0x00000000f4200000, 0x00000000f4200000, 0x00000000f4300000|  0%| F|  |TAMS 0x00000000f4200000, 0x00000000f4200000| Untracked 
|1091|0x00000000f4300000, 0x00000000f4300000, 0x00000000f4400000|  0%| F|  |TAMS 0x00000000f4300000, 0x00000000f4300000| Untracked 
|1092|0x00000000f4400000, 0x00000000f4400000, 0x00000000f4500000|  0%| F|  |TAMS 0x00000000f4400000, 0x00000000f4400000| Untracked 
|1093|0x00000000f4500000, 0x00000000f4500000, 0x00000000f4600000|  0%| F|  |TAMS 0x00000000f4500000, 0x00000000f4500000| Untracked 
|1094|0x00000000f4600000, 0x00000000f4600000, 0x00000000f4700000|  0%| F|  |TAMS 0x00000000f4600000, 0x00000000f4600000| Untracked 
|1095|0x00000000f4700000, 0x00000000f4700000, 0x00000000f4800000|  0%| F|  |TAMS 0x00000000f4700000, 0x00000000f4700000| Untracked 
|1096|0x00000000f4800000, 0x00000000f4800000, 0x00000000f4900000|  0%| F|  |TAMS 0x00000000f4800000, 0x00000000f4800000| Untracked 
|1097|0x00000000f4900000, 0x00000000f4900000, 0x00000000f4a00000|  0%| F|  |TAMS 0x00000000f4900000, 0x00000000f4900000| Untracked 
|1098|0x00000000f4a00000, 0x00000000f4a00000, 0x00000000f4b00000|  0%| F|  |TAMS 0x00000000f4a00000, 0x00000000f4a00000| Untracked 
|1099|0x00000000f4b00000, 0x00000000f4b00000, 0x00000000f4c00000|  0%| F|  |TAMS 0x00000000f4b00000, 0x00000000f4b00000| Untracked 
|1100|0x00000000f4c00000, 0x00000000f4c00000, 0x00000000f4d00000|  0%| F|  |TAMS 0x00000000f4c00000, 0x00000000f4c00000| Untracked 
|1101|0x00000000f4d00000, 0x00000000f4d00000, 0x00000000f4e00000|  0%| F|  |TAMS 0x00000000f4d00000, 0x00000000f4d00000| Untracked 
|1102|0x00000000f4e00000, 0x00000000f4e00000, 0x00000000f4f00000|  0%| F|  |TAMS 0x00000000f4e00000, 0x00000000f4e00000| Untracked 
|1103|0x00000000f4f00000, 0x00000000f4f00000, 0x00000000f5000000|  0%| F|  |TAMS 0x00000000f4f00000, 0x00000000f4f00000| Untracked 
|1104|0x00000000f5000000, 0x00000000f5000000, 0x00000000f5100000|  0%| F|  |TAMS 0x00000000f5000000, 0x00000000f5000000| Untracked 
|1105|0x00000000f5100000, 0x00000000f5100000, 0x00000000f5200000|  0%| F|  |TAMS 0x00000000f5100000, 0x00000000f5100000| Untracked 
|1106|0x00000000f5200000, 0x00000000f5200000, 0x00000000f5300000|  0%| F|  |TAMS 0x00000000f5200000, 0x00000000f5200000| Untracked 
|1107|0x00000000f5300000, 0x00000000f5300000, 0x00000000f5400000|  0%| F|  |TAMS 0x00000000f5300000, 0x00000000f5300000| Untracked 
|1108|0x00000000f5400000, 0x00000000f5400000, 0x00000000f5500000|  0%| F|  |TAMS 0x00000000f5400000, 0x00000000f5400000| Untracked 
|1109|0x00000000f5500000, 0x00000000f5500000, 0x00000000f5600000|  0%| F|  |TAMS 0x00000000f5500000, 0x00000000f5500000| Untracked 
|1110|0x00000000f5600000, 0x00000000f5600000, 0x00000000f5700000|  0%| F|  |TAMS 0x00000000f5600000, 0x00000000f5600000| Untracked 
|1111|0x00000000f5700000, 0x00000000f5700000, 0x00000000f5800000|  0%| F|  |TAMS 0x00000000f5700000, 0x00000000f5700000| Untracked 
|1112|0x00000000f5800000, 0x00000000f5800000, 0x00000000f5900000|  0%| F|  |TAMS 0x00000000f5800000, 0x00000000f5800000| Untracked 
|1113|0x00000000f5900000, 0x00000000f5900000, 0x00000000f5a00000|  0%| F|  |TAMS 0x00000000f5900000, 0x00000000f5900000| Untracked 
|1114|0x00000000f5a00000, 0x00000000f5a00000, 0x00000000f5b00000|  0%| F|  |TAMS 0x00000000f5a00000, 0x00000000f5a00000| Untracked 
|1115|0x00000000f5b00000, 0x00000000f5b00000, 0x00000000f5c00000|  0%| F|  |TAMS 0x00000000f5b00000, 0x00000000f5b00000| Untracked 
|1116|0x00000000f5c00000, 0x00000000f5c00000, 0x00000000f5d00000|  0%| F|  |TAMS 0x00000000f5c00000, 0x00000000f5c00000| Untracked 
|1117|0x00000000f5d00000, 0x00000000f5d00000, 0x00000000f5e00000|  0%| F|  |TAMS 0x00000000f5d00000, 0x00000000f5d00000| Untracked 
|1118|0x00000000f5e00000, 0x00000000f5e00000, 0x00000000f5f00000|  0%| F|  |TAMS 0x00000000f5e00000, 0x00000000f5e00000| Untracked 
|1119|0x00000000f5f00000, 0x00000000f5f00000, 0x00000000f6000000|  0%| F|  |TAMS 0x00000000f5f00000, 0x00000000f5f00000| Untracked 
|1120|0x00000000f6000000, 0x00000000f6000000, 0x00000000f6100000|  0%| F|  |TAMS 0x00000000f6000000, 0x00000000f6000000| Untracked 
|1121|0x00000000f6100000, 0x00000000f6100000, 0x00000000f6200000|  0%| F|  |TAMS 0x00000000f6100000, 0x00000000f6100000| Untracked 
|1122|0x00000000f6200000, 0x00000000f6200000, 0x00000000f6300000|  0%| F|  |TAMS 0x00000000f6200000, 0x00000000f6200000| Untracked 
|1123|0x00000000f6300000, 0x00000000f6300000, 0x00000000f6400000|  0%| F|  |TAMS 0x00000000f6300000, 0x00000000f6300000| Untracked 
|1124|0x00000000f6400000, 0x00000000f6400000, 0x00000000f6500000|  0%| F|  |TAMS 0x00000000f6400000, 0x00000000f6400000| Untracked 
|1125|0x00000000f6500000, 0x00000000f6500000, 0x00000000f6600000|  0%| F|  |TAMS 0x00000000f6500000, 0x00000000f6500000| Untracked 
|1126|0x00000000f6600000, 0x00000000f6600000, 0x00000000f6700000|  0%| F|  |TAMS 0x00000000f6600000, 0x00000000f6600000| Untracked 
|1127|0x00000000f6700000, 0x00000000f6700000, 0x00000000f6800000|  0%| F|  |TAMS 0x00000000f6700000, 0x00000000f6700000| Untracked 
|1128|0x00000000f6800000, 0x00000000f6800000, 0x00000000f6900000|  0%| F|  |TAMS 0x00000000f6800000, 0x00000000f6800000| Untracked 
|1129|0x00000000f6900000, 0x00000000f6900000, 0x00000000f6a00000|  0%| F|  |TAMS 0x00000000f6900000, 0x00000000f6900000| Untracked 
|1130|0x00000000f6a00000, 0x00000000f6a00000, 0x00000000f6b00000|  0%| F|  |TAMS 0x00000000f6a00000, 0x00000000f6a00000| Untracked 
|1131|0x00000000f6b00000, 0x00000000f6b00000, 0x00000000f6c00000|  0%| F|  |TAMS 0x00000000f6b00000, 0x00000000f6b00000| Untracked 
|1132|0x00000000f6c00000, 0x00000000f6c00000, 0x00000000f6d00000|  0%| F|  |TAMS 0x00000000f6c00000, 0x00000000f6c00000| Untracked 
|1133|0x00000000f6d00000, 0x00000000f6d00000, 0x00000000f6e00000|  0%| F|  |TAMS 0x00000000f6d00000, 0x00000000f6d00000| Untracked 
|1134|0x00000000f6e00000, 0x00000000f6e00000, 0x00000000f6f00000|  0%| F|  |TAMS 0x00000000f6e00000, 0x00000000f6e00000| Untracked 
|1135|0x00000000f6f00000, 0x00000000f6f00000, 0x00000000f7000000|  0%| F|  |TAMS 0x00000000f6f00000, 0x00000000f6f00000| Untracked 
|1136|0x00000000f7000000, 0x00000000f7000000, 0x00000000f7100000|  0%| F|  |TAMS 0x00000000f7000000, 0x00000000f7000000| Untracked 
|1137|0x00000000f7100000, 0x00000000f7100000, 0x00000000f7200000|  0%| F|  |TAMS 0x00000000f7100000, 0x00000000f7100000| Untracked 
|1138|0x00000000f7200000, 0x00000000f7200000, 0x00000000f7300000|  0%| F|  |TAMS 0x00000000f7200000, 0x00000000f7200000| Untracked 
|1139|0x00000000f7300000, 0x00000000f7300000, 0x00000000f7400000|  0%| F|  |TAMS 0x00000000f7300000, 0x00000000f7300000| Untracked 
|1140|0x00000000f7400000, 0x00000000f7400000, 0x00000000f7500000|  0%| F|  |TAMS 0x00000000f7400000, 0x00000000f7400000| Untracked 
|1141|0x00000000f7500000, 0x00000000f7500000, 0x00000000f7600000|  0%| F|  |TAMS 0x00000000f7500000, 0x00000000f7500000| Untracked 
|1142|0x00000000f7600000, 0x00000000f7600000, 0x00000000f7700000|  0%| F|  |TAMS 0x00000000f7600000, 0x00000000f7600000| Untracked 
|1143|0x00000000f7700000, 0x00000000f7700000, 0x00000000f7800000|  0%| F|  |TAMS 0x00000000f7700000, 0x00000000f7700000| Untracked 
|1144|0x00000000f7800000, 0x00000000f7800000, 0x00000000f7900000|  0%| F|  |TAMS 0x00000000f7800000, 0x00000000f7800000| Untracked 
|1145|0x00000000f7900000, 0x00000000f7900000, 0x00000000f7a00000|  0%| F|  |TAMS 0x00000000f7900000, 0x00000000f7900000| Untracked 
|1146|0x00000000f7a00000, 0x00000000f7a00000, 0x00000000f7b00000|  0%| F|  |TAMS 0x00000000f7a00000, 0x00000000f7a00000| Untracked 
|1147|0x00000000f7b00000, 0x00000000f7b00000, 0x00000000f7c00000|  0%| F|  |TAMS 0x00000000f7b00000, 0x00000000f7b00000| Untracked 
|1148|0x00000000f7c00000, 0x00000000f7c00000, 0x00000000f7d00000|  0%| F|  |TAMS 0x00000000f7c00000, 0x00000000f7c00000| Untracked 
|1149|0x00000000f7d00000, 0x00000000f7d00000, 0x00000000f7e00000|  0%| F|  |TAMS 0x00000000f7d00000, 0x00000000f7d00000| Untracked 
|1150|0x00000000f7e00000, 0x00000000f7e00000, 0x00000000f7f00000|  0%| F|  |TAMS 0x00000000f7e00000, 0x00000000f7e00000| Untracked 
|1151|0x00000000f7f00000, 0x00000000f7f00000, 0x00000000f8000000|  0%| F|  |TAMS 0x00000000f7f00000, 0x00000000f7f00000| Untracked 
|1152|0x00000000f8000000, 0x00000000f8000000, 0x00000000f8100000|  0%| F|  |TAMS 0x00000000f8000000, 0x00000000f8000000| Untracked 
|1153|0x00000000f8100000, 0x00000000f8100000, 0x00000000f8200000|  0%| F|  |TAMS 0x00000000f8100000, 0x00000000f8100000| Untracked 
|1154|0x00000000f8200000, 0x00000000f8200000, 0x00000000f8300000|  0%| F|  |TAMS 0x00000000f8200000, 0x00000000f8200000| Untracked 
|1155|0x00000000f8300000, 0x00000000f8300000, 0x00000000f8400000|  0%| F|  |TAMS 0x00000000f8300000, 0x00000000f8300000| Untracked 
|1156|0x00000000f8400000, 0x00000000f8400000, 0x00000000f8500000|  0%| F|  |TAMS 0x00000000f8400000, 0x00000000f8400000| Untracked 
|1157|0x00000000f8500000, 0x00000000f8500000, 0x00000000f8600000|  0%| F|  |TAMS 0x00000000f8500000, 0x00000000f8500000| Untracked 
|1158|0x00000000f8600000, 0x00000000f8600000, 0x00000000f8700000|  0%| F|  |TAMS 0x00000000f8600000, 0x00000000f8600000| Untracked 
|1159|0x00000000f8700000, 0x00000000f8700000, 0x00000000f8800000|  0%| F|  |TAMS 0x00000000f8700000, 0x00000000f8700000| Untracked 
|1160|0x00000000f8800000, 0x00000000f8800000, 0x00000000f8900000|  0%| F|  |TAMS 0x00000000f8800000, 0x00000000f8800000| Untracked 
|1161|0x00000000f8900000, 0x00000000f8900000, 0x00000000f8a00000|  0%| F|  |TAMS 0x00000000f8900000, 0x00000000f8900000| Untracked 
|1162|0x00000000f8a00000, 0x00000000f8a00000, 0x00000000f8b00000|  0%| F|  |TAMS 0x00000000f8a00000, 0x00000000f8a00000| Untracked 
|1163|0x00000000f8b00000, 0x00000000f8b00000, 0x00000000f8c00000|  0%| F|  |TAMS 0x00000000f8b00000, 0x00000000f8b00000| Untracked 
|1164|0x00000000f8c00000, 0x00000000f8c00000, 0x00000000f8d00000|  0%| F|  |TAMS 0x00000000f8c00000, 0x00000000f8c00000| Untracked 
|1165|0x00000000f8d00000, 0x00000000f8d00000, 0x00000000f8e00000|  0%| F|  |TAMS 0x00000000f8d00000, 0x00000000f8d00000| Untracked 
|1166|0x00000000f8e00000, 0x00000000f8e00000, 0x00000000f8f00000|  0%| F|  |TAMS 0x00000000f8e00000, 0x00000000f8e00000| Untracked 
|1167|0x00000000f8f00000, 0x00000000f8f00000, 0x00000000f9000000|  0%| F|  |TAMS 0x00000000f8f00000, 0x00000000f8f00000| Untracked 
|1168|0x00000000f9000000, 0x00000000f9000000, 0x00000000f9100000|  0%| F|  |TAMS 0x00000000f9000000, 0x00000000f9000000| Untracked 
|1169|0x00000000f9100000, 0x00000000f9100000, 0x00000000f9200000|  0%| F|  |TAMS 0x00000000f9100000, 0x00000000f9100000| Untracked 
|1170|0x00000000f9200000, 0x00000000f9200000, 0x00000000f9300000|  0%| F|  |TAMS 0x00000000f9200000, 0x00000000f9200000| Untracked 
|1171|0x00000000f9300000, 0x00000000f9300000, 0x00000000f9400000|  0%| F|  |TAMS 0x00000000f9300000, 0x00000000f9300000| Untracked 
|1172|0x00000000f9400000, 0x00000000f9400000, 0x00000000f9500000|  0%| F|  |TAMS 0x00000000f9400000, 0x00000000f9400000| Untracked 
|1173|0x00000000f9500000, 0x00000000f9500000, 0x00000000f9600000|  0%| F|  |TAMS 0x00000000f9500000, 0x00000000f9500000| Untracked 
|1174|0x00000000f9600000, 0x00000000f9600000, 0x00000000f9700000|  0%| F|  |TAMS 0x00000000f9600000, 0x00000000f9600000| Untracked 
|1175|0x00000000f9700000, 0x00000000f9700000, 0x00000000f9800000|  0%| F|  |TAMS 0x00000000f9700000, 0x00000000f9700000| Untracked 
|1176|0x00000000f9800000, 0x00000000f9800000, 0x00000000f9900000|  0%| F|  |TAMS 0x00000000f9800000, 0x00000000f9800000| Untracked 
|1177|0x00000000f9900000, 0x00000000f9900000, 0x00000000f9a00000|  0%| F|  |TAMS 0x00000000f9900000, 0x00000000f9900000| Untracked 
|1178|0x00000000f9a00000, 0x00000000f9a00000, 0x00000000f9b00000|  0%| F|  |TAMS 0x00000000f9a00000, 0x00000000f9a00000| Untracked 
|1179|0x00000000f9b00000, 0x00000000f9b00000, 0x00000000f9c00000|  0%| F|  |TAMS 0x00000000f9b00000, 0x00000000f9b00000| Untracked 
|1180|0x00000000f9c00000, 0x00000000f9c00000, 0x00000000f9d00000|  0%| F|  |TAMS 0x00000000f9c00000, 0x00000000f9c00000| Untracked 
|1181|0x00000000f9d00000, 0x00000000f9d00000, 0x00000000f9e00000|  0%| F|  |TAMS 0x00000000f9d00000, 0x00000000f9d00000| Untracked 
|1182|0x00000000f9e00000, 0x00000000f9e00000, 0x00000000f9f00000|  0%| F|  |TAMS 0x00000000f9e00000, 0x00000000f9e00000| Untracked 
|1183|0x00000000f9f00000, 0x00000000f9f00000, 0x00000000fa000000|  0%| F|  |TAMS 0x00000000f9f00000, 0x00000000f9f00000| Untracked 
|1184|0x00000000fa000000, 0x00000000fa000000, 0x00000000fa100000|  0%| F|  |TAMS 0x00000000fa000000, 0x00000000fa000000| Untracked 
|1185|0x00000000fa100000, 0x00000000fa100000, 0x00000000fa200000|  0%| F|  |TAMS 0x00000000fa100000, 0x00000000fa100000| Untracked 
|1186|0x00000000fa200000, 0x00000000fa200000, 0x00000000fa300000|  0%| F|  |TAMS 0x00000000fa200000, 0x00000000fa200000| Untracked 
|1187|0x00000000fa300000, 0x00000000fa300000, 0x00000000fa400000|  0%| F|  |TAMS 0x00000000fa300000, 0x00000000fa300000| Untracked 
|1188|0x00000000fa400000, 0x00000000fa400000, 0x00000000fa500000|  0%| F|  |TAMS 0x00000000fa400000, 0x00000000fa400000| Untracked 
|1189|0x00000000fa500000, 0x00000000fa500000, 0x00000000fa600000|  0%| F|  |TAMS 0x00000000fa500000, 0x00000000fa500000| Untracked 
|1190|0x00000000fa600000, 0x00000000fa600000, 0x00000000fa700000|  0%| F|  |TAMS 0x00000000fa600000, 0x00000000fa600000| Untracked 
|1191|0x00000000fa700000, 0x00000000fa700000, 0x00000000fa800000|  0%| F|  |TAMS 0x00000000fa700000, 0x00000000fa700000| Untracked 
|1192|0x00000000fa800000, 0x00000000fa800000, 0x00000000fa900000|  0%| F|  |TAMS 0x00000000fa800000, 0x00000000fa800000| Untracked 
|1193|0x00000000fa900000, 0x00000000fa900000, 0x00000000faa00000|  0%| F|  |TAMS 0x00000000fa900000, 0x00000000fa900000| Untracked 
|1194|0x00000000faa00000, 0x00000000faa00000, 0x00000000fab00000|  0%| F|  |TAMS 0x00000000faa00000, 0x00000000faa00000| Untracked 
|1195|0x00000000fab00000, 0x00000000fab00000, 0x00000000fac00000|  0%| F|  |TAMS 0x00000000fab00000, 0x00000000fab00000| Untracked 
|1196|0x00000000fac00000, 0x00000000fac00000, 0x00000000fad00000|  0%| F|  |TAMS 0x00000000fac00000, 0x00000000fac00000| Untracked 
|1197|0x00000000fad00000, 0x00000000fad00000, 0x00000000fae00000|  0%| F|  |TAMS 0x00000000fad00000, 0x00000000fad00000| Untracked 
|1198|0x00000000fae00000, 0x00000000fae00000, 0x00000000faf00000|  0%| F|  |TAMS 0x00000000fae00000, 0x00000000fae00000| Untracked 
|1199|0x00000000faf00000, 0x00000000faf00000, 0x00000000fb000000|  0%| F|  |TAMS 0x00000000faf00000, 0x00000000faf00000| Untracked 
|1200|0x00000000fb000000, 0x00000000fb000000, 0x00000000fb100000|  0%| F|  |TAMS 0x00000000fb000000, 0x00000000fb000000| Untracked 
|1201|0x00000000fb100000, 0x00000000fb100000, 0x00000000fb200000|  0%| F|  |TAMS 0x00000000fb100000, 0x00000000fb100000| Untracked 
|1202|0x00000000fb200000, 0x00000000fb200000, 0x00000000fb300000|  0%| F|  |TAMS 0x00000000fb200000, 0x00000000fb200000| Untracked 
|1203|0x00000000fb300000, 0x00000000fb300000, 0x00000000fb400000|  0%| F|  |TAMS 0x00000000fb300000, 0x00000000fb300000| Untracked 
|1204|0x00000000fb400000, 0x00000000fb400000, 0x00000000fb500000|  0%| F|  |TAMS 0x00000000fb400000, 0x00000000fb400000| Untracked 
|1205|0x00000000fb500000, 0x00000000fb500000, 0x00000000fb600000|  0%| F|  |TAMS 0x00000000fb500000, 0x00000000fb500000| Untracked 
|1206|0x00000000fb600000, 0x00000000fb600000, 0x00000000fb700000|  0%| F|  |TAMS 0x00000000fb600000, 0x00000000fb600000| Untracked 
|1207|0x00000000fb700000, 0x00000000fb700000, 0x00000000fb800000|  0%| F|  |TAMS 0x00000000fb700000, 0x00000000fb700000| Untracked 
|1208|0x00000000fb800000, 0x00000000fb800000, 0x00000000fb900000|  0%| F|  |TAMS 0x00000000fb800000, 0x00000000fb800000| Untracked 
|1209|0x00000000fb900000, 0x00000000fb900000, 0x00000000fba00000|  0%| F|  |TAMS 0x00000000fb900000, 0x00000000fb900000| Untracked 
|1210|0x00000000fba00000, 0x00000000fba00000, 0x00000000fbb00000|  0%| F|  |TAMS 0x00000000fba00000, 0x00000000fba00000| Untracked 
|1211|0x00000000fbb00000, 0x00000000fbb00000, 0x00000000fbc00000|  0%| F|  |TAMS 0x00000000fbb00000, 0x00000000fbb00000| Untracked 
|1212|0x00000000fbc00000, 0x00000000fbc00000, 0x00000000fbd00000|  0%| F|  |TAMS 0x00000000fbc00000, 0x00000000fbc00000| Untracked 
|1213|0x00000000fbd00000, 0x00000000fbd00000, 0x00000000fbe00000|  0%| F|  |TAMS 0x00000000fbd00000, 0x00000000fbd00000| Untracked 
|1214|0x00000000fbe00000, 0x00000000fbe00000, 0x00000000fbf00000|  0%| F|  |TAMS 0x00000000fbe00000, 0x00000000fbe00000| Untracked 
|1215|0x00000000fbf00000, 0x00000000fbf00000, 0x00000000fc000000|  0%| F|  |TAMS 0x00000000fbf00000, 0x00000000fbf00000| Untracked 
|1216|0x00000000fc000000, 0x00000000fc000000, 0x00000000fc100000|  0%| F|  |TAMS 0x00000000fc000000, 0x00000000fc000000| Untracked 
|1217|0x00000000fc100000, 0x00000000fc100000, 0x00000000fc200000|  0%| F|  |TAMS 0x00000000fc100000, 0x00000000fc100000| Untracked 
|1218|0x00000000fc200000, 0x00000000fc200000, 0x00000000fc300000|  0%| F|  |TAMS 0x00000000fc200000, 0x00000000fc200000| Untracked 
|1219|0x00000000fc300000, 0x00000000fc300000, 0x00000000fc400000|  0%| F|  |TAMS 0x00000000fc300000, 0x00000000fc300000| Untracked 
|1220|0x00000000fc400000, 0x00000000fc400000, 0x00000000fc500000|  0%| F|  |TAMS 0x00000000fc400000, 0x00000000fc400000| Untracked 
|1221|0x00000000fc500000, 0x00000000fc500000, 0x00000000fc600000|  0%| F|  |TAMS 0x00000000fc500000, 0x00000000fc500000| Untracked 
|1222|0x00000000fc600000, 0x00000000fc600000, 0x00000000fc700000|  0%| F|  |TAMS 0x00000000fc600000, 0x00000000fc600000| Untracked 
|1223|0x00000000fc700000, 0x00000000fc700000, 0x00000000fc800000|  0%| F|  |TAMS 0x00000000fc700000, 0x00000000fc700000| Untracked 
|1224|0x00000000fc800000, 0x00000000fc800000, 0x00000000fc900000|  0%| F|  |TAMS 0x00000000fc800000, 0x00000000fc800000| Untracked 
|1225|0x00000000fc900000, 0x00000000fc900000, 0x00000000fca00000|  0%| F|  |TAMS 0x00000000fc900000, 0x00000000fc900000| Untracked 
|1226|0x00000000fca00000, 0x00000000fca00000, 0x00000000fcb00000|  0%| F|  |TAMS 0x00000000fca00000, 0x00000000fca00000| Untracked 
|1227|0x00000000fcb00000, 0x00000000fcb00000, 0x00000000fcc00000|  0%| F|  |TAMS 0x00000000fcb00000, 0x00000000fcb00000| Untracked 
|1228|0x00000000fcc00000, 0x00000000fcc00000, 0x00000000fcd00000|  0%| F|  |TAMS 0x00000000fcc00000, 0x00000000fcc00000| Untracked 
|1229|0x00000000fcd00000, 0x00000000fcd00000, 0x00000000fce00000|  0%| F|  |TAMS 0x00000000fcd00000, 0x00000000fcd00000| Untracked 
|1230|0x00000000fce00000, 0x00000000fce00000, 0x00000000fcf00000|  0%| F|  |TAMS 0x00000000fce00000, 0x00000000fce00000| Untracked 
|1231|0x00000000fcf00000, 0x00000000fcf00000, 0x00000000fd000000|  0%| F|  |TAMS 0x00000000fcf00000, 0x00000000fcf00000| Untracked 
|1232|0x00000000fd000000, 0x00000000fd000000, 0x00000000fd100000|  0%| F|  |TAMS 0x00000000fd000000, 0x00000000fd000000| Untracked 
|1233|0x00000000fd100000, 0x00000000fd100000, 0x00000000fd200000|  0%| F|  |TAMS 0x00000000fd100000, 0x00000000fd100000| Untracked 
|1234|0x00000000fd200000, 0x00000000fd200000, 0x00000000fd300000|  0%| F|  |TAMS 0x00000000fd200000, 0x00000000fd200000| Untracked 
|1235|0x00000000fd300000, 0x00000000fd300000, 0x00000000fd400000|  0%| F|  |TAMS 0x00000000fd300000, 0x00000000fd300000| Untracked 
|1236|0x00000000fd400000, 0x00000000fd400000, 0x00000000fd500000|  0%| F|  |TAMS 0x00000000fd400000, 0x00000000fd400000| Untracked 
|1237|0x00000000fd500000, 0x00000000fd500000, 0x00000000fd600000|  0%| F|  |TAMS 0x00000000fd500000, 0x00000000fd500000| Untracked 
|1238|0x00000000fd600000, 0x00000000fd600000, 0x00000000fd700000|  0%| F|  |TAMS 0x00000000fd600000, 0x00000000fd600000| Untracked 
|1239|0x00000000fd700000, 0x00000000fd700000, 0x00000000fd800000|  0%| F|  |TAMS 0x00000000fd700000, 0x00000000fd700000| Untracked 
|1240|0x00000000fd800000, 0x00000000fd800000, 0x00000000fd900000|  0%| F|  |TAMS 0x00000000fd800000, 0x00000000fd800000| Untracked 
|1241|0x00000000fd900000, 0x00000000fd900000, 0x00000000fda00000|  0%| F|  |TAMS 0x00000000fd900000, 0x00000000fd900000| Untracked 
|1242|0x00000000fda00000, 0x00000000fda00000, 0x00000000fdb00000|  0%| F|  |TAMS 0x00000000fda00000, 0x00000000fda00000| Untracked 
|1243|0x00000000fdb00000, 0x00000000fdb00000, 0x00000000fdc00000|  0%| F|  |TAMS 0x00000000fdb00000, 0x00000000fdb00000| Untracked 
|1244|0x00000000fdc00000, 0x00000000fdc00000, 0x00000000fdd00000|  0%| F|  |TAMS 0x00000000fdc00000, 0x00000000fdc00000| Untracked 
|1245|0x00000000fdd00000, 0x00000000fdd00000, 0x00000000fde00000|  0%| F|  |TAMS 0x00000000fdd00000, 0x00000000fdd00000| Untracked 
|1246|0x00000000fde00000, 0x00000000fde00000, 0x00000000fdf00000|  0%| F|  |TAMS 0x00000000fde00000, 0x00000000fde00000| Untracked 
|1247|0x00000000fdf00000, 0x00000000fdf00000, 0x00000000fe000000|  0%| F|  |TAMS 0x00000000fdf00000, 0x00000000fdf00000| Untracked 
|1248|0x00000000fe000000, 0x00000000fe000000, 0x00000000fe100000|  0%| F|  |TAMS 0x00000000fe000000, 0x00000000fe000000| Untracked 
|1249|0x00000000fe100000, 0x00000000fe100000, 0x00000000fe200000|  0%| F|  |TAMS 0x00000000fe100000, 0x00000000fe100000| Untracked 
|1250|0x00000000fe200000, 0x00000000fe200000, 0x00000000fe300000|  0%| F|  |TAMS 0x00000000fe200000, 0x00000000fe200000| Untracked 
|1251|0x00000000fe300000, 0x00000000fe300000, 0x00000000fe400000|  0%| F|  |TAMS 0x00000000fe300000, 0x00000000fe300000| Untracked 
|1252|0x00000000fe400000, 0x00000000fe400000, 0x00000000fe500000|  0%| F|  |TAMS 0x00000000fe400000, 0x00000000fe400000| Untracked 
|1253|0x00000000fe500000, 0x00000000fe500000, 0x00000000fe600000|  0%| F|  |TAMS 0x00000000fe500000, 0x00000000fe500000| Untracked 
|1254|0x00000000fe600000, 0x00000000fe600000, 0x00000000fe700000|  0%| F|  |TAMS 0x00000000fe600000, 0x00000000fe600000| Untracked 
|1255|0x00000000fe700000, 0x00000000fe700000, 0x00000000fe800000|  0%| F|  |TAMS 0x00000000fe700000, 0x00000000fe700000| Untracked 
|1256|0x00000000fe800000, 0x00000000fe800000, 0x00000000fe900000|  0%| F|  |TAMS 0x00000000fe800000, 0x00000000fe800000| Untracked 
|1257|0x00000000fe900000, 0x00000000fe900000, 0x00000000fea00000|  0%| F|  |TAMS 0x00000000fe900000, 0x00000000fe900000| Untracked 
|1258|0x00000000fea00000, 0x00000000fea00000, 0x00000000feb00000|  0%| F|  |TAMS 0x00000000fea00000, 0x00000000fea00000| Untracked 
|1259|0x00000000feb00000, 0x00000000feb00000, 0x00000000fec00000|  0%| F|  |TAMS 0x00000000feb00000, 0x00000000feb00000| Untracked 
|1260|0x00000000fec00000, 0x00000000fec00000, 0x00000000fed00000|  0%| F|  |TAMS 0x00000000fec00000, 0x00000000fec00000| Untracked 
|1261|0x00000000fed00000, 0x00000000fed00000, 0x00000000fee00000|  0%| F|  |TAMS 0x00000000fed00000, 0x00000000fed00000| Untracked 
|1262|0x00000000fee00000, 0x00000000fee00000, 0x00000000fef00000|  0%| F|  |TAMS 0x00000000fee00000, 0x00000000fee00000| Untracked 
|1263|0x00000000fef00000, 0x00000000fef884a8, 0x00000000ff000000| 53%| E|  |TAMS 0x00000000fef00000, 0x00000000fef00000| Complete 
|1264|0x00000000ff000000, 0x00000000ff100000, 0x00000000ff100000|100%| E|CS|TAMS 0x00000000ff000000, 0x00000000ff000000| Complete 
|1265|0x00000000ff100000, 0x00000000ff200000, 0x00000000ff200000|100%| E|CS|TAMS 0x00000000ff100000, 0x00000000ff100000| Complete 
|1266|0x00000000ff200000, 0x00000000ff300000, 0x00000000ff300000|100%| E|CS|TAMS 0x00000000ff200000, 0x00000000ff200000| Complete 
|1267|0x00000000ff300000, 0x00000000ff400000, 0x00000000ff400000|100%| E|CS|TAMS 0x00000000ff300000, 0x00000000ff300000| Complete 
|1268|0x00000000ff400000, 0x00000000ff500000, 0x00000000ff500000|100%| E|CS|TAMS 0x00000000ff400000, 0x00000000ff400000| Complete 
|1269|0x00000000ff500000, 0x00000000ff600000, 0x00000000ff600000|100%| E|CS|TAMS 0x00000000ff500000, 0x00000000ff500000| Complete 
|1270|0x00000000ff600000, 0x00000000ff700000, 0x00000000ff700000|100%| E|CS|TAMS 0x00000000ff600000, 0x00000000ff600000| Complete 
|1271|0x00000000ff700000, 0x00000000ff800000, 0x00000000ff800000|100%| E|CS|TAMS 0x00000000ff700000, 0x00000000ff700000| Complete 
|1272|0x00000000ff800000, 0x00000000ff900000, 0x00000000ff900000|100%| E|CS|TAMS 0x00000000ff800000, 0x00000000ff800000| Complete 
|1273|0x00000000ff900000, 0x00000000ffa00000, 0x00000000ffa00000|100%| E|  |TAMS 0x00000000ff900000, 0x00000000ff900000| Complete 
|1274|0x00000000ffa00000, 0x00000000ffb00000, 0x00000000ffb00000|100%| E|CS|TAMS 0x00000000ffa00000, 0x00000000ffa00000| Complete 
|1275|0x00000000ffb00000, 0x00000000ffc00000, 0x00000000ffc00000|100%| E|CS|TAMS 0x00000000ffb00000, 0x00000000ffb00000| Complete 
|1276|0x00000000ffc00000, 0x00000000ffd00000, 0x00000000ffd00000|100%| E|CS|TAMS 0x00000000ffc00000, 0x00000000ffc00000| Complete 
|1277|0x00000000ffd00000, 0x00000000ffe00000, 0x00000000ffe00000|100%| E|CS|TAMS 0x00000000ffd00000, 0x00000000ffd00000| Complete 
|1278|0x00000000ffe00000, 0x00000000fff00000, 0x00000000fff00000|100%| E|CS|TAMS 0x00000000ffe00000, 0x00000000ffe00000| Complete 
|1279|0x00000000fff00000, 0x0000000100000000, 0x0000000100000000|100%| E|CS|TAMS 0x00000000fff00000, 0x00000000fff00000| Complete 

Card table byte_map: [0x0000000026cb0000,0x0000000026f30000] _byte_map_base: 0x0000000026730000

Marking Bits (Prev, Next): (CMBitMap*) 0x0000000002afd850, (CMBitMap*) 0x0000000002afd890
 Prev Bits: [0x00000000271b0000, 0x00000000285b0000)
 Next Bits: [0x00000000285b0000, 0x00000000299b0000)

Polling page: 0x00000000005a0000

Metaspace:

Usage:
  Non-class:    507.47 MB used.
      Class:     77.88 MB used.
       Both:    585.34 MB used.

Virtual space:
  Non-class space:      520.00 MB reserved,     509.56 MB ( 98%) committed,  65 nodes.
      Class space:        1.00 GB reserved,      79.75 MB (  8%) committed,  1 nodes.
             Both:        1.51 GB reserved,     589.31 MB ( 38%) committed. 

Chunk freelists:
   Non-Class:  5.84 MB
       Class:  314.00 KB
        Both:  6.14 MB

MaxMetaspaceSize: unlimited
CompressedClassSpaceSize: 1.00 GB
Initial GC threshold: 21.00 MB
Current GC threshold: 982.12 MB
CDS: off
MetaspaceReclaimPolicy: balanced
 - commit_granule_bytes: 65536.
 - commit_granule_words: 8192.
 - virtual_space_node_default_size: 1048576.
 - enlarge_chunks_in_place: 1.
 - new_chunks_are_fully_committed: 0.
 - uncommit_free_chunks: 1.
 - use_allocation_guard: 0.
 - handle_deallocations: 1.


Internal statistics:

num_allocs_failed_limit: 74.
num_arena_births: 12918.
num_arena_deaths: 7194.
num_vsnodes_births: 66.
num_vsnodes_deaths: 0.
num_space_committed: 11523.
num_space_uncommitted: 2097.
num_chunks_returned_to_freelist: 16309.
num_chunks_taken_from_freelist: 52514.
num_chunk_merges: 5848.
num_chunk_splits: 29383.
num_chunks_enlarged: 15158.
num_purges: 146.
num_inconsistent_stats: 0.

CodeHeap 'non-profiled nmethods': size=259328Kb used=99595Kb max_used=99612Kb free=159732Kb
 bounds [0x0000000016240000, 0x000000001c3b0000, 0x0000000025f80000]
CodeHeap 'profiled nmethods': size=259264Kb used=180990Kb max_used=180990Kb free=78273Kb
 bounds [0x0000000005f80000, 0x0000000011060000, 0x0000000015cb0000]
CodeHeap 'non-nmethods': size=5696Kb used=3672Kb max_used=3723Kb free=2023Kb
 bounds [0x0000000015cb0000, 0x0000000016060000, 0x0000000016240000]
 total_blobs=90942 nmethods=88410 adapters=2433
 compilation: enabled
              stopped_count=0, restarted_count=0
 full_count=0

Compilation events (20 events):
Event: 6309.932 Thread 0x000000002d8c4740 133962       1       com.android.tools.idea.io.netty.channel.AbstractChannel::access$100 (5 bytes)
Event: 6309.932 Thread 0x000000002d8c4740 nmethod 133962 0x000000001a0ee590 code [0x000000001a0ee720, 0x000000001a0ee7d8]
Event: 6309.934 Thread 0x000000002d8c4740 133963       3       com.android.tools.idea.io.netty.util.concurrent.DefaultPromise::isDone0 (17 bytes)
Event: 6309.934 Thread 0x000000002d8c4740 nmethod 133963 0x0000000011035a10 code [0x0000000011035ba0, 0x0000000011035d38]
Event: 6309.935 Thread 0x000000002d8c4740 133964       1       com.android.tools.idea.io.netty.channel.DefaultChannelPromise::channel (5 bytes)
Event: 6309.935 Thread 0x000000002d8c4740 nmethod 133964 0x000000001a0ee290 code [0x000000001a0ee420, 0x000000001a0ee4f8]
Event: 6309.935 Thread 0x000000002d8c4740 133965       1       com.android.tools.idea.io.netty.channel.nio.AbstractNioChannel::javaChannel (5 bytes)
Event: 6309.935 Thread 0x000000002d8c4740 nmethod 133965 0x000000001a0edf90 code [0x000000001a0ee120, 0x000000001a0ee1f8]
Event: 6309.935 Thread 0x000000002d8c4740 133966       1       com.android.tools.idea.io.netty.channel.DefaultChannelHandlerContext::handler (5 bytes)
Event: 6309.935 Thread 0x000000002d8c4740 nmethod 133966 0x000000001a0edc90 code [0x000000001a0ede20, 0x000000001a0edef8]
Event: 6309.936 Thread 0x000000002d8c4740 133967       3       com.google.wireless.android.sdk.stats.HistogramBin::newBuilder (7 bytes)
Event: 6309.937 Thread 0x000000002d8c4740 nmethod 133967 0x0000000011035e10 code [0x0000000011036000, 0x0000000011036638]
Event: 6309.937 Thread 0x000000002d8c4740 133968       3       com.android.tools.analytics.HistogramUtil::getEnd (13 bytes)
Event: 6309.937 Thread 0x000000002d8c4740 nmethod 133968 0x0000000011036890 code [0x0000000011036aa0, 0x0000000011037058]
Event: 6309.937 Thread 0x000000002d8c4740 133969       1       sun.nio.ch.SocketChannelImpl::getFDVal (5 bytes)
Event: 6309.937 Thread 0x000000002d8c4740 nmethod 133969 0x000000001a0ed990 code [0x000000001a0edb20, 0x000000001a0edbf8]
Event: 6309.941 Thread 0x000000002d8c4740 133970       3       java.util.HashMap::removeNode (291 bytes)
Event: 6309.942 Thread 0x000000002d8c4740 nmethod 133970 0x0000000011037290 code [0x0000000011037540, 0x0000000011038938]
Event: 6309.942 Thread 0x000000002d8c4740 133971       1       kotlinx.coroutines.SupervisorJobImpl::childCancelled (2 bytes)
Event: 6309.942 Thread 0x000000002d8c4740 nmethod 133971 0x0000000016f6d010 code [0x0000000016f6d1a0, 0x0000000016f6d278]

GC Heap History (20 events):
Event: 5919.307 GC heap before
{Heap before GC invocations=478 (full 0):
 garbage-first heap   total 1303552K, used 725227K [0x00000000b0000000, 0x0000000100000000)
  region size 1024K, 130 young (133120K), 10 survivors (10240K)
 Metaspace       used 574016K, committed 578432K, reserved 1581056K
  class space    used 76511K, committed 78784K, reserved 1048576K
}
Event: 5919.322 GC heap after
{Heap after GC invocations=479 (full 0):
 garbage-first heap   total 1303552K, used 601972K [0x00000000b0000000, 0x0000000100000000)
  region size 1024K, 9 young (9216K), 9 survivors (9216K)
 Metaspace       used 574016K, committed 578432K, reserved 1581056K
  class space    used 76511K, committed 78784K, reserved 1048576K
}
Event: 5928.916 GC heap before
{Heap before GC invocations=480 (full 0):
 garbage-first heap   total 1303552K, used 1274740K [0x00000000b0000000, 0x0000000100000000)
  region size 1024K, 509 young (521216K), 9 survivors (9216K)
 Metaspace       used 574060K, committed 578496K, reserved 1581056K
  class space    used 76502K, committed 78784K, reserved 1048576K
}
Event: 5928.932 GC heap after
{Heap after GC invocations=481 (full 0):
 garbage-first heap   total 1303552K, used 601535K [0x00000000b0000000, 0x0000000100000000)
  region size 1024K, 9 young (9216K), 9 survivors (9216K)
 Metaspace       used 574060K, committed 578496K, reserved 1581056K
  class space    used 76502K, committed 78784K, reserved 1048576K
}
Event: 5929.338 GC heap before
{Heap before GC invocations=481 (full 0):
 garbage-first heap   total 1303552K, used 655807K [0x00000000b0000000, 0x0000000100000000)
  region size 1024K, 63 young (64512K), 9 survivors (9216K)
 Metaspace       used 574068K, committed 578496K, reserved 1581056K
  class space    used 76502K, committed 78784K, reserved 1048576K
}
Event: 5929.366 GC heap after
{Heap after GC invocations=482 (full 0):
 garbage-first heap   total 1303552K, used 550487K [0x00000000b0000000, 0x0000000100000000)
  region size 1024K, 5 young (5120K), 5 survivors (5120K)
 Metaspace       used 574068K, committed 578496K, reserved 1581056K
  class space    used 76502K, committed 78784K, reserved 1048576K
}
Event: 6059.093 GC heap before
{Heap before GC invocations=482 (full 0):
 garbage-first heap   total 1303552K, used 1270359K [0x00000000b0000000, 0x0000000100000000)
  region size 1024K, 575 young (588800K), 5 survivors (5120K)
 Metaspace       used 591685K, committed 595840K, reserved 1581056K
  class space    used 78685K, committed 80640K, reserved 1048576K
}
Event: 6059.110 GC heap after
{Heap after GC invocations=483 (full 0):
 garbage-first heap   total 1310720K, used 587776K [0x00000000b0000000, 0x0000000100000000)
  region size 1024K, 38 young (38912K), 38 survivors (38912K)
 Metaspace       used 591685K, committed 595840K, reserved 1581056K
  class space    used 78685K, committed 80640K, reserved 1048576K
}
Event: 6059.344 GC heap before
{Heap before GC invocations=483 (full 0):
 garbage-first heap   total 1310720K, used 653312K [0x00000000b0000000, 0x0000000100000000)
  region size 1024K, 104 young (106496K), 38 survivors (38912K)
 Metaspace       used 591898K, committed 596032K, reserved 1581056K
  class space    used 78710K, committed 80640K, reserved 1048576K
}
Event: 6059.380 GC heap after
{Heap after GC invocations=484 (full 0):
 garbage-first heap   total 1310720K, used 587663K [0x00000000b0000000, 0x0000000100000000)
  region size 1024K, 7 young (7168K), 7 survivors (7168K)
 Metaspace       used 591898K, committed 596032K, reserved 1581056K
  class space    used 78710K, committed 80640K, reserved 1048576K
}
Event: 6074.785 GC heap before
{Heap before GC invocations=485 (full 0):
 garbage-first heap   total 1310720K, used 1243023K [0x00000000b0000000, 0x0000000100000000)
  region size 1024K, 460 young (471040K), 7 survivors (7168K)
 Metaspace       used 598893K, committed 602944K, reserved 1581056K
  class space    used 79729K, committed 81600K, reserved 1048576K
}
Event: 6074.802 GC heap after
{Heap after GC invocations=486 (full 0):
 garbage-first heap   total 1310720K, used 619068K [0x00000000b0000000, 0x0000000100000000)
  region size 1024K, 33 young (33792K), 33 survivors (33792K)
 Metaspace       used 598893K, committed 602944K, reserved 1581056K
  class space    used 79729K, committed 81600K, reserved 1048576K
}
Event: 6074.979 GC heap before
{Heap before GC invocations=486 (full 0):
 garbage-first heap   total 1310720K, used 710204K [0x00000000b0000000, 0x0000000100000000)
  region size 1024K, 64 young (65536K), 33 survivors (33792K)
 Metaspace       used 598899K, committed 602944K, reserved 1581056K
  class space    used 79729K, committed 81600K, reserved 1048576K
}
Event: 6075.034 GC heap after
{Heap after GC invocations=487 (full 0):
 garbage-first heap   total 1310720K, used 612837K [0x00000000b0000000, 0x0000000100000000)
  region size 1024K, 8 young (8192K), 8 survivors (8192K)
 Metaspace       used 598899K, committed 602944K, reserved 1581056K
  class space    used 79729K, committed 81600K, reserved 1048576K
}
Event: 6157.242 GC heap before
{Heap before GC invocations=487 (full 0):
 garbage-first heap   total 1310720K, used 1257957K [0x00000000b0000000, 0x0000000100000000)
  region size 1024K, 480 young (491520K), 8 survivors (8192K)
 Metaspace       used 599243K, committed 603328K, reserved 1581056K
  class space    used 79753K, committed 81664K, reserved 1048576K
}
Event: 6157.280 GC heap after
{Heap after GC invocations=488 (full 0):
 garbage-first heap   total 1310720K, used 649372K [0x00000000b0000000, 0x0000000100000000)
  region size 1024K, 39 young (39936K), 39 survivors (39936K)
 Metaspace       used 599243K, committed 603328K, reserved 1581056K
  class space    used 79753K, committed 81664K, reserved 1048576K
}
Event: 6169.776 GC heap before
{Heap before GC invocations=488 (full 0):
 garbage-first heap   total 1310720K, used 730268K [0x00000000b0000000, 0x0000000100000000)
  region size 1024K, 119 young (121856K), 39 survivors (39936K)
 Metaspace       used 599312K, committed 603392K, reserved 1581056K
  class space    used 79756K, committed 81664K, reserved 1048576K
}
Event: 6169.807 GC heap after
{Heap after GC invocations=489 (full 0):
 garbage-first heap   total 1310720K, used 646922K [0x00000000b0000000, 0x0000000100000000)
  region size 1024K, 29 young (29696K), 29 survivors (29696K)
 Metaspace       used 599312K, committed 603392K, reserved 1581056K
  class space    used 79756K, committed 81664K, reserved 1048576K
}
Event: 6309.695 GC heap before
{Heap before GC invocations=490 (full 0):
 garbage-first heap   total 1310720K, used 1224458K [0x00000000b0000000, 0x0000000100000000)
  region size 1024K, 415 young (424960K), 29 survivors (29696K)
 Metaspace       used 599005K, committed 603456K, reserved 1581056K
  class space    used 79684K, committed 81664K, reserved 1048576K
}
Event: 6309.731 GC heap after
{Heap after GC invocations=491 (full 0):
 garbage-first heap   total 1310720K, used 644813K [0x00000000b0000000, 0x0000000100000000)
  region size 1024K, 39 young (39936K), 39 survivors (39936K)
 Metaspace       used 599005K, committed 603456K, reserved 1581056K
  class space    used 79684K, committed 81664K, reserved 1048576K
}

Dll operation events (2 events):
Event: 0.004 Loaded shared library C:\Program Files\Android\Android Studio\jbr\bin\java.dll
Event: 0.413 Loaded shared library C:\Program Files\Android\Android Studio\jbr\bin\verify.dll

Deoptimization events (20 events):
Event: 6309.937 Thread 0x000000015a330210 DEOPT PACKING pc=0x000000001a9696c8 sp=0x000000016d85f5f0
Event: 6309.937 Thread 0x000000002fb7ef40 DEOPT PACKING pc=0x000000001a1bc100 sp=0x00000000512fd520
Event: 6309.937 Thread 0x000000015a330210 DEOPT UNPACKING pc=0x0000000015d069a3 sp=0x000000016d85f580 mode 2
Event: 6309.937 Thread 0x000000002fb7ef40 DEOPT UNPACKING pc=0x0000000015d069a3 sp=0x00000000512fd4c0 mode 2
Event: 6309.937 Thread 0x000000015a330210 Uncommon trap: trap_request=0xffffffde fr.pc=0x0000000018ea98ec relative=0x00000000000009cc
Event: 6309.937 Thread 0x000000015a330210 Uncommon trap: reason=class_check action=maybe_recompile pc=0x0000000018ea98ec method=com.android.tools.idea.io.grpc.internal.ServerImpl$JumpToApplicationThreadServerStreamListener.closedInternal(Lcom/android/tools/idea/io/grpc/Status;)V @ 49 c2
Event: 6309.937 Thread 0x000000015a330210 DEOPT PACKING pc=0x0000000018ea98ec sp=0x000000016d85f490
Event: 6309.937 Thread 0x000000015a330210 DEOPT UNPACKING pc=0x0000000015d069a3 sp=0x000000016d85f348 mode 2
Event: 6309.937 Thread 0x000000015a330210 Uncommon trap: trap_request=0xffffff45 fr.pc=0x000000001bb6e618 relative=0x0000000000001698
Event: 6309.937 Thread 0x000000015a330210 Uncommon trap: reason=unstable_if action=reinterpret pc=0x000000001bb6e618 method=com.android.tools.idea.io.grpc.inprocess.InProcessTransport$InProcessStream$InProcessServerStream.notifyClientClose(Lcom/android/tools/idea/io/grpc/Status;Lcom/android/tools
Event: 6309.937 Thread 0x000000015a330210 DEOPT PACKING pc=0x000000001bb6e618 sp=0x000000016d85f500
Event: 6309.937 Thread 0x000000015a330210 DEOPT UNPACKING pc=0x0000000015d069a3 sp=0x000000016d85f458 mode 2
Event: 6309.941 Thread 0x000000002fb7ef40 Uncommon trap: trap_request=0xffffff45 fr.pc=0x000000001947bd54 relative=0x0000000000000514
Event: 6309.941 Thread 0x000000002fb7ef40 Uncommon trap: reason=unstable_if action=reinterpret pc=0x000000001947bd54 method=java.util.HashMap.removeNode(ILjava/lang/Object;Ljava/lang/Object;ZZ)Ljava/util/HashMap$Node; @ 211 c2
Event: 6309.941 Thread 0x000000002fb7ef40 DEOPT PACKING pc=0x000000001947bd54 sp=0x00000000512fd860
Event: 6309.941 Thread 0x000000002fb7ef40 DEOPT UNPACKING pc=0x0000000015d069a3 sp=0x00000000512fd7a0 mode 2
Event: 6309.941 Thread 0x000000002fb7ef40 Uncommon trap: trap_request=0xffffff45 fr.pc=0x0000000017abc54c relative=0x000000000000048c
Event: 6309.941 Thread 0x000000002fb7ef40 Uncommon trap: reason=unstable_if action=reinterpret pc=0x0000000017abc54c method=java.util.HashMap.removeNode(ILjava/lang/Object;Ljava/lang/Object;ZZ)Ljava/util/HashMap$Node; @ 211 c2
Event: 6309.941 Thread 0x000000002fb7ef40 DEOPT PACKING pc=0x0000000017abc54c sp=0x00000000512fd7e0
Event: 6309.941 Thread 0x000000002fb7ef40 DEOPT UNPACKING pc=0x0000000015d069a3 sp=0x00000000512fd7a0 mode 2

Classes unloaded (20 events):
Event: 6169.969 Thread 0x000000002ccaed30 Unloading class 0x0000000104b14000 'java/lang/invoke/LambdaForm$MH+0x0000000104b14000'
Event: 6169.969 Thread 0x000000002ccaed30 Unloading class 0x0000000104c5a400 'java/lang/invoke/LambdaForm$MH+0x0000000104c5a400'
Event: 6169.969 Thread 0x000000002ccaed30 Unloading class 0x0000000104c5a000 'java/lang/invoke/LambdaForm$MH+0x0000000104c5a000'
Event: 6169.969 Thread 0x000000002ccaed30 Unloading class 0x0000000104a8ec00 'java/lang/invoke/LambdaForm$MH+0x0000000104a8ec00'
Event: 6169.969 Thread 0x000000002ccaed30 Unloading class 0x0000000104dd4c00 'java/lang/invoke/LambdaForm$MH+0x0000000104dd4c00'
Event: 6169.969 Thread 0x000000002ccaed30 Unloading class 0x0000000104dd4800 'java/lang/invoke/LambdaForm$MH+0x0000000104dd4800'
Event: 6169.969 Thread 0x000000002ccaed30 Unloading class 0x0000000103c97c00 'java/lang/invoke/LambdaForm$MH+0x0000000103c97c00'
Event: 6169.969 Thread 0x000000002ccaed30 Unloading class 0x0000000104863800 'java/lang/invoke/LambdaForm$MH+0x0000000104863800'
Event: 6169.969 Thread 0x000000002ccaed30 Unloading class 0x0000000104438000 'java/lang/invoke/LambdaForm$MH+0x0000000104438000'
Event: 6169.969 Thread 0x000000002ccaed30 Unloading class 0x0000000104c5d000 'java/lang/invoke/LambdaForm$MH+0x0000000104c5d000'
Event: 6169.969 Thread 0x000000002ccaed30 Unloading class 0x0000000104c5ac00 'java/lang/invoke/LambdaForm$MH+0x0000000104c5ac00'
Event: 6169.969 Thread 0x000000002ccaed30 Unloading class 0x0000000104da8000 'java/lang/invoke/LambdaForm$MH+0x0000000104da8000'
Event: 6169.969 Thread 0x000000002ccaed30 Unloading class 0x00000001049e8000 'java/lang/invoke/LambdaForm$MH+0x00000001049e8000'
Event: 6169.969 Thread 0x000000002ccaed30 Unloading class 0x0000000104ac4400 'jdk/internal/reflect/GeneratedConstructorAccessor660'
Event: 6169.969 Thread 0x000000002ccaed30 Unloading class 0x000000010420b000 'jdk/internal/reflect/GeneratedConstructorAccessor659'
Event: 6169.969 Thread 0x000000002ccaed30 Unloading class 0x00000001047f1400 'jdk/internal/reflect/GeneratedConstructorAccessor658'
Event: 6169.969 Thread 0x000000002ccaed30 Unloading class 0x0000000104207800 'jdk/internal/reflect/GeneratedConstructorAccessor657'
Event: 6169.969 Thread 0x000000002ccaed30 Unloading class 0x0000000104213800 'jdk/internal/reflect/GeneratedMethodAccessor1629'
Event: 6169.969 Thread 0x000000002ccaed30 Unloading class 0x0000000104ba8400 'java/lang/invoke/LambdaForm$MH+0x0000000104ba8400'
Event: 6169.969 Thread 0x000000002ccaed30 Unloading class 0x0000000104dc0400 'java/lang/invoke/LambdaForm$MH+0x0000000104dc0400'

Classes redefined (0 events):
No events

Internal exceptions (20 events):
Event: 6309.837 Thread 0x00000001503ce430 Exception <a 'java/io/IOException'{0x00000000ff534a90}> (0x00000000ff534a90) 
thrown [s\src\hotspot\share\prims\jni.cpp, line 517]
Event: 6309.849 Thread 0x000000002fb7ef40 Exception <a 'java/lang/ClassNotFoundException'{0x00000000ff5616e0}: groovy/lang/ReferenceBeanInfo> (0x00000000ff5616e0) 
thrown [s\src\hotspot\share\classfile\systemDictionary.cpp, line 256]
Event: 6309.849 Thread 0x000000002fb7ef40 Exception <a 'java/lang/ClassNotFoundException'{0x00000000ff5b4760}: groovy/lang/ReferenceCustomizer> (0x00000000ff5b4760) 
thrown [s\src\hotspot\share\classfile\systemDictionary.cpp, line 256]
Event: 6309.852 Thread 0x000000002fb7ef40 Exception <a 'java/lang/ClassNotFoundException'{0x00000000ff5dae40}: org/gradle/tooling/internal/consumer/ConnectorServicesBeanInfo> (0x00000000ff5dae40) 
thrown [s\src\hotspot\share\classfile\systemDictionary.cpp, line 256]
Event: 6309.852 Thread 0x000000002fb7ef40 Exception <a 'java/lang/ClassNotFoundException'{0x00000000ff5df770}: org/gradle/tooling/internal/consumer/ConnectorServicesCustomizer> (0x00000000ff5df770) 
thrown [s\src\hotspot\share\classfile\systemDictionary.cpp, line 256]
Event: 6309.854 Thread 0x000000002fb7ef40 Exception <a 'java/lang/ClassNotFoundException'{0x00000000ff4222b0}: org/gradle/tooling/internal/consumer/ConnectorServices$ConnectorServiceRegistryBeanInfo> (0x00000000ff4222b0) 
thrown [s\src\hotspot\share\classfile\systemDictionary.cpp, line 256]
Event: 6309.854 Thread 0x000000002fb7ef40 Exception <a 'java/lang/ClassNotFoundException'{0x00000000ff426be8}: org/gradle/internal/service/DefaultServiceRegistryBeanInfo> (0x00000000ff426be8) 
thrown [s\src\hotspot\share\classfile\systemDictionary.cpp, line 256]
Event: 6309.854 Thread 0x000000002fb7ef40 Exception <a 'java/lang/ClassNotFoundException'{0x00000000ff42b4f0}: org/gradle/internal/service/DefaultServiceRegistryCustomizer> (0x00000000ff42b4f0) 
thrown [s\src\hotspot\share\classfile\systemDictionary.cpp, line 256]
Event: 6309.855 Thread 0x000000002fb7ef40 Exception <a 'java/lang/ClassNotFoundException'{0x00000000ff440960}: org/gradle/tooling/internal/consumer/ConnectorServices$ConnectorServiceRegistryCustomizer> (0x00000000ff440960) 
thrown [s\src\hotspot\share\classfile\systemDictionary.cpp, line 256]
Event: 6309.857 Thread 0x00000001747bec10 Exception <a 'java/lang/NoSuchMethodError'{0x00000000ff4790e8}: static Lorg/gradle/launcher/daemon/protocol/StopWhenIdle;.<clinit>()V> (0x00000000ff4790e8) 
thrown [s\src\hotspot\share\prims\jni.cpp, line 1108]
Event: 6309.857 Thread 0x00000001747bec10 Exception <a 'java/lang/NoSuchMethodError'{0x00000000ff47a0b8}: static Lorg/gradle/launcher/daemon/protocol/Command;.<clinit>()V> (0x00000000ff47a0b8) 
thrown [s\src\hotspot\share\prims\jni.cpp, line 1108]
Event: 6309.857 Thread 0x00000001747bec10 Exception <a 'java/lang/NoSuchMethodError'{0x00000000ff4861e8}: static [B.<clinit>()V> (0x00000000ff4861e8) 
thrown [s\src\hotspot\share\prims\jni.cpp, line 1108]
Event: 6309.858 Thread 0x000000002fb7ef40 Exception <a 'java/lang/ClassNotFoundException'{0x00000000ff49a4e8}: org/gradle/tooling/internal/consumer/loader/SynchronizedToolingImplementationLoaderBeanInfo> (0x00000000ff49a4e8) 
thrown [s\src\hotspot\share\classfile\systemDictionary.cpp, line 256]
Event: 6309.858 Thread 0x000000002fb7ef40 Exception <a 'java/lang/ClassNotFoundException'{0x00000000ff49f008}: org/gradle/tooling/internal/consumer/loader/SynchronizedToolingImplementationLoaderCustomizer> (0x00000000ff49f008) 
thrown [s\src\hotspot\share\classfile\systemDictionary.cpp, line 256]
Event: 6309.860 Thread 0x000000002fb7ef40 Exception <a 'java/lang/ClassNotFoundException'{0x00000000ff4addf8}: org/gradle/tooling/internal/consumer/loader/CachingToolingImplementationLoaderBeanInfo> (0x00000000ff4addf8) 
thrown [s\src\hotspot\share\classfile\systemDictionary.cpp, line 256]
Event: 6309.860 Thread 0x000000002fb7ef40 Exception <a 'java/lang/ClassNotFoundException'{0x00000000ff4b28b0}: org/gradle/tooling/internal/consumer/loader/CachingToolingImplementationLoaderCustomizer> (0x00000000ff4b28b0) 
thrown [s\src\hotspot\share\classfile\systemDictionary.cpp, line 256]
Event: 6309.901 Thread 0x000000002fb7ef40 Implicit null exception at 0x000000001a0f02d8 to 0x000000001a0f1244
Event: 6309.912 Thread 0x00000000abe39920 Exception <a 'sun/net/ConnectionResetException'{0x00000000ff269e20}: Connection reset> (0x00000000ff269e20) 
thrown [s\src\hotspot\share\prims\jni.cpp, line 536]
Event: 6309.915 Thread 0x00000001592edfb0 Exception <a 'java/lang/InterruptedException'{0x00000000ff26c970}: sleep interrupted> (0x00000000ff26c970) 
thrown [s\src\hotspot\share\prims\jvm.cpp, line 3073]
Event: 6309.934 Thread 0x00000000abe39920 Exception <a 'java/io/IOException'{0x00000000ff2b74e8}: Connection reset by peer> (0x00000000ff2b74e8) 
thrown [s\src\hotspot\share\prims\jni.cpp, line 536]

VM Operations (20 events):
Event: 6281.295 Executing VM operation: Cleanup
Event: 6281.296 Executing VM operation: Cleanup done
Event: 6285.300 Executing VM operation: Cleanup
Event: 6285.301 Executing VM operation: Cleanup done
Event: 6293.304 Executing VM operation: Cleanup
Event: 6293.304 Executing VM operation: Cleanup done
Event: 6306.309 Executing VM operation: Cleanup
Event: 6306.310 Executing VM operation: Cleanup done
Event: 6307.310 Executing VM operation: Cleanup
Event: 6307.311 Executing VM operation: Cleanup done
Event: 6308.311 Executing VM operation: Cleanup
Event: 6308.311 Executing VM operation: Cleanup done
Event: 6309.312 Executing VM operation: Cleanup
Event: 6309.312 Executing VM operation: Cleanup done
Event: 6309.695 Executing VM operation: G1CollectForAllocation
Event: 6309.731 Executing VM operation: G1CollectForAllocation done
Event: 6309.930 Executing VM operation: HandshakeAllThreads
Event: 6309.930 Executing VM operation: HandshakeAllThreads done
Event: 6309.930 Executing VM operation: HandshakeAllThreads
Event: 6309.930 Executing VM operation: HandshakeAllThreads done

Events (20 events):
Event: 6309.206 Thread 0x00000001747bdda0 Thread added: 0x00000001747bdda0
Event: 6309.206 Thread 0x00000001747be270 Thread added: 0x00000001747be270
Event: 6309.207 Thread 0x00000001495fd010 Thread added: 0x00000001495fd010
Event: 6309.442 Thread 0x00000001479b3090 Thread added: 0x00000001479b3090
Event: 6309.827 Thread 0x0000000144406070 Thread exited: 0x0000000144406070
Event: 6309.837 Thread 0x00000001503ce430 Thread exited: 0x00000001503ce430
Event: 6309.838 Thread 0x00000001503cdf60 Thread exited: 0x00000001503cdf60
Event: 6309.845 Thread 0x00000001747be740 Thread added: 0x00000001747be740
Event: 6309.845 Thread 0x00000001747bec10 Thread added: 0x00000001747bec10
Event: 6309.861 Thread 0x00000000ac26a090 Thread exited: 0x00000000ac26a090
Event: 6309.862 Thread 0x00000001502449e0 Thread exited: 0x00000001502449e0
Event: 6309.863 Thread 0x00000001747bec10 Thread exited: 0x00000001747bec10
Event: 6309.871 Thread 0x00000001747be740 Thread exited: 0x00000001747be740
Event: 6309.915 Thread 0x0000000144406ee0 Thread exited: 0x0000000144406ee0
Event: 6309.931 Thread 0x00000001747be740 Thread added: 0x00000001747be740
Event: 6309.936 Thread 0x00000000abe3ac60 Thread exited: 0x00000000abe3ac60
Event: 6309.937 Thread 0x000000015a330210 Thread exited: 0x000000015a330210
Event: 6309.938 Thread 0x00000000952abdf0 Thread exited: 0x00000000952abdf0
Event: 6309.939 Thread 0x000000002d8dbe60 flushing nmethod 0x0000000016f6d010
Event: 6309.943 Thread 0x000000009a564700 Thread exited: 0x000000009a564700


Dynamic libraries:
0x0000000140000000 - 0x0000000140119000 	C:\Program Files\Android\Android Studio\bin\studio64.exe
0x00007ffa3c710000 - 0x00007ffa3c927000 	C:\WINDOWS\SYSTEM32\ntdll.dll
0x00007ffa3a9a0000 - 0x00007ffa3aa64000 	C:\WINDOWS\System32\KERNEL32.DLL
0x00007ffa39a80000 - 0x00007ffa39e25000 	C:\WINDOWS\System32\KERNELBASE.dll
0x00007ffa3ba70000 - 0x00007ffa3bc1e000 	C:\WINDOWS\System32\USER32.dll
0x00007ffa39f70000 - 0x00007ffa39f96000 	C:\WINDOWS\System32\win32u.dll
0x00007ffa3b260000 - 0x00007ffa3b289000 	C:\WINDOWS\System32\GDI32.dll
0x00007ffa3a340000 - 0x00007ffa3a459000 	C:\WINDOWS\System32\gdi32full.dll
0x00007ffa3a2a0000 - 0x00007ffa3a33a000 	C:\WINDOWS\System32\msvcp_win.dll
0x00007ffa3a180000 - 0x00007ffa3a291000 	C:\WINDOWS\System32\ucrtbase.dll
0x00007ffa3be70000 - 0x00007ffa3c6c9000 	C:\WINDOWS\System32\SHELL32.dll
0x00007ffa3af00000 - 0x00007ffa3b0a0000 	C:\WINDOWS\System32\ole32.dll
0x00007ffa3b390000 - 0x00007ffa3b719000 	C:\WINDOWS\System32\combase.dll
0x00007ffa3b950000 - 0x00007ffa3ba67000 	C:\WINDOWS\System32\RPCRT4.dll
0x00007ffa3bdb0000 - 0x00007ffa3be61000 	C:\WINDOWS\System32\ADVAPI32.dll
0x00007ffa3b720000 - 0x00007ffa3b7c7000 	C:\WINDOWS\System32\msvcrt.dll
0x00007ffa3a8f0000 - 0x00007ffa3a996000 	C:\WINDOWS\System32\sechost.dll
0x00007ffa3a4c0000 - 0x00007ffa3a4f1000 	C:\WINDOWS\System32\IMM32.DLL
0x00007ffa3b290000 - 0x00007ffa3b383000 	C:\WINDOWS\System32\shcore.dll
0x00007ff9c32e0000 - 0x00007ff9c3f4d000 	C:\Program Files\Android\Android Studio\jbr\bin\server\jvm.dll
0x00007ffa30090000 - 0x00007ffa300c4000 	C:\WINDOWS\SYSTEM32\WINMM.dll
0x00007ffa31140000 - 0x00007ffa31149000 	C:\WINDOWS\SYSTEM32\WSOCK32.dll
0x00007ffa3b850000 - 0x00007ffa3b8c1000 	C:\WINDOWS\System32\WS2_32.dll
0x00007ffa2aeb0000 - 0x00007ffa2aeba000 	C:\WINDOWS\SYSTEM32\VERSION.dll
0x00007ffa1e6f0000 - 0x00007ffa1e70b000 	C:\WINDOWS\SYSTEM32\VCRUNTIME140.dll
0x00007ffa31130000 - 0x00007ffa3113c000 	C:\WINDOWS\SYSTEM32\VCRUNTIME140_1.dll
0x00007ffa2bb90000 - 0x00007ffa2bb9a000 	C:\Program Files\Android\Android Studio\jbr\bin\jimage.dll
0x00007ffa371a0000 - 0x00007ffa373d3000 	C:\WINDOWS\SYSTEM32\DBGHELP.DLL
0x00007ffa3a500000 - 0x00007ffa3a5d7000 	C:\WINDOWS\System32\OLEAUT32.dll
0x00007ffa0dc70000 - 0x00007ffa0dca2000 	C:\WINDOWS\SYSTEM32\dbgcore.DLL
0x00007ffa39e30000 - 0x00007ffa39eaa000 	C:\WINDOWS\System32\bcryptPrimitives.dll
0x00007ffa00040000 - 0x00007ffa00065000 	C:\Program Files\Android\Android Studio\jbr\bin\java.dll
0x00007ffa38a60000 - 0x00007ffa38a78000 	C:\WINDOWS\SYSTEM32\kernel.appcore.dll
0x00007ffa1d060000 - 0x00007ffa1d078000 	C:\Program Files\Android\Android Studio\jbr\bin\zip.dll
0x00007ffa37910000 - 0x00007ffa38204000 	C:\WINDOWS\SYSTEM32\windows.storage.dll
0x00007ffa377d0000 - 0x00007ffa3790e000 	C:\WINDOWS\SYSTEM32\wintypes.dll
0x00007ffa3a460000 - 0x00007ffa3a4be000 	C:\WINDOWS\System32\shlwapi.dll
0x00007ffa399b0000 - 0x00007ffa399d6000 	C:\WINDOWS\SYSTEM32\profapi.dll
0x00007ffa02d90000 - 0x00007ffa02da9000 	C:\Program Files\Android\Android Studio\jbr\bin\net.dll
0x00007ffa336b0000 - 0x00007ffa337e7000 	C:\WINDOWS\SYSTEM32\WINHTTP.dll
0x00007ffa38f00000 - 0x00007ffa38f69000 	C:\WINDOWS\system32\mswsock.dll
0x00007ff9ffe00000 - 0x00007ff9ffe16000 	C:\Program Files\Android\Android Studio\jbr\bin\nio.dll
0x00007ffa39160000 - 0x00007ffa3917b000 	C:\WINDOWS\SYSTEM32\CRYPTSP.dll
0x00007ffa389c0000 - 0x00007ffa389f5000 	C:\WINDOWS\system32\rsaenh.dll
0x00007ffa38ff0000 - 0x00007ffa3901c000 	C:\WINDOWS\SYSTEM32\USERENV.dll
0x00007ffa39340000 - 0x00007ffa39368000 	C:\WINDOWS\SYSTEM32\bcrypt.dll
0x00007ffa39150000 - 0x00007ffa3915c000 	C:\WINDOWS\SYSTEM32\CRYPTBASE.dll
0x00007ffa384b0000 - 0x00007ffa384dd000 	C:\WINDOWS\SYSTEM32\IPHLPAPI.DLL
0x00007ffa3aa70000 - 0x00007ffa3aa79000 	C:\WINDOWS\System32\NSI.dll
0x00007ffa302e0000 - 0x00007ffa302f9000 	C:\WINDOWS\SYSTEM32\dhcpcsvc6.DLL
0x00007ffa302c0000 - 0x00007ffa302df000 	C:\WINDOWS\SYSTEM32\dhcpcsvc.DLL
0x00007ffa384e0000 - 0x00007ffa385d9000 	C:\WINDOWS\SYSTEM32\DNSAPI.dll
0x00007ffa20ca0000 - 0x00007ffa20ca9000 	C:\Program Files\Android\Android Studio\jbr\bin\management.dll
0x00007ffa20c70000 - 0x00007ffa20c7b000 	C:\Program Files\Android\Android Studio\jbr\bin\management_ext.dll
0x00007ffa3bda0000 - 0x00007ffa3bda8000 	C:\WINDOWS\System32\PSAPI.DLL
0x00007ffa14a00000 - 0x00007ffa14a17000 	C:\WINDOWS\system32\napinsp.dll
0x00007ffa15070000 - 0x00007ffa1508b000 	C:\WINDOWS\system32\pnrpnsp.dll
0x00007ffa14740000 - 0x00007ffa14751000 	C:\WINDOWS\System32\winrnr.dll
0x00007ffa2e9f0000 - 0x00007ffa2ea05000 	C:\WINDOWS\system32\wshbth.dll
0x00007ffa144f0000 - 0x00007ffa14511000 	C:\WINDOWS\system32\nlansp_c.dll
0x00007ffa30080000 - 0x00007ffa3008a000 	C:\Windows\System32\rasadhlp.dll
0x00007ffa29d70000 - 0x00007ffa29df3000 	C:\WINDOWS\System32\fwpuclnt.dll
0x00007ff9ef930000 - 0x00007ff9efac8000 	C:\Program Files\Android\Android Studio\jbr\bin\awt.dll
0x00007ffa36dd0000 - 0x00007ffa36dfb000 	C:\WINDOWS\SYSTEM32\dwmapi.dll
0x00007ff9fd520000 - 0x00007ff9fd5ad000 	C:\Program Files\Android\Android Studio\bin\MSVCP140.dll
0x00007ffa369d0000 - 0x00007ffa36a67000 	C:\WINDOWS\SYSTEM32\apphelp.dll
0x00007ffa25500000 - 0x00007ffa255b3000 	C:\WINDOWS\WinSxS\amd64_microsoft.windows.common-controls_6595b64144ccf1df_5.82.22621.2506_none_b43bab19638c9595\COMCTL32.dll
0x00007ffa36b60000 - 0x00007ffa36c0b000 	C:\WINDOWS\system32\uxtheme.dll
0x00007ffa3a680000 - 0x00007ffa3a7cf000 	C:\WINDOWS\System32\MSCTF.dll
0x00007ffa1dfb0000 - 0x00007ffa1dfc0000 	C:\Program Files\Android\Android Studio\jbr\bin\verify.dll
0x00007ff9fe140000 - 0x00007ff9fe185000 	C:\Users\vardh\AppData\Local\Google\AndroidStudio2022.2\tmp\jna3658301518779691333.dll
0x00007ff9ffde0000 - 0x00007ff9ffdfb000 	C:\Program Files\Android\Android Studio\bin\IdeaWin64.dll
0x00007ffa0d430000 - 0x00007ffa0d438000 	C:\WINDOWS\system32\wshunix.dll
0x00007ff9fd2b0000 - 0x00007ff9fd3b0000 	C:\WINDOWS\system32\opengl32.dll
0x00007ff9fee20000 - 0x00007ff9fee4d000 	C:\WINDOWS\SYSTEM32\GLU32.dll
0x00007ffa36c70000 - 0x00007ffa36ca6000 	C:\WINDOWS\SYSTEM32\dxcore.dll
0x00007ff9fb1c0000 - 0x00007ff9fb246000 	C:\Program Files\Android\Android Studio\jbr\bin\freetype.dll
0x00007ff9f60e0000 - 0x00007ff9f61a9000 	C:\Program Files\Android\Android Studio\jbr\bin\fontmanager.dll
0x00007ffa25340000 - 0x00007ffa254f9000 	C:\WINDOWS\WinSxS\amd64_microsoft.windows.gdiplus_6595b64144ccf1df_1.1.22621.2506_none_57f74dcece1b5ace\gdiplus.dll
0x00007ffa1c740000 - 0x00007ffa1c749000 	C:\Program Files\Android\Android Studio\jbr\bin\prefs.dll
0x00007ffa3a010000 - 0x00007ffa3a176000 	C:\WINDOWS\System32\Crypt32.dll
0x00007ffa391b0000 - 0x00007ffa391c2000 	C:\WINDOWS\System32\MSASN1.dll
0x000000007fb70000 - 0x000000007fbf4000 	C:\Users\vardh\AppData\Local\Temp\liblz4-java-12473419817638847449.so
0x00007ffa2b7b0000 - 0x00007ffa2b8fa000 	C:\WINDOWS\SYSTEM32\textinputframework.dll
0x00007ffa239d0000 - 0x00007ffa23a39000 	C:\WINDOWS\system32\Oleacc.dll
0x00007ffa366f0000 - 0x00007ffa36823000 	C:\WINDOWS\SYSTEM32\CoreMessaging.dll
0x00007ffa33040000 - 0x00007ffa333ac000 	C:\WINDOWS\SYSTEM32\CoreUIComponents.dll
0x00007ffa3bc90000 - 0x00007ffa3bd40000 	C:\WINDOWS\System32\clbcatq.dll
0x00007ffa1c970000 - 0x00007ffa1cc03000 	C:\WINDOWS\WinSxS\amd64_microsoft.windows.common-controls_6595b64144ccf1df_6.0.22621.2506_none_270c5ae97388e100\comctl32.dll
0x00007ffa352f0000 - 0x00007ffa354a0000 	C:\WINDOWS\SYSTEM32\WindowsCodecs.dll
0x00007ffa1fd80000 - 0x00007ffa1fdde000 	C:\WINDOWS\system32\dataexchange.dll
0x00007ffa31b80000 - 0x00007ffa31e05000 	C:\WINDOWS\system32\twinapi.appcore.dll
0x00007ff9fd4e0000 - 0x00007ff9fd518000 	C:\Program Files\Android\Android Studio\bin\WinShellIntegrationBridge.dll
0x00007ffa23f40000 - 0x00007ffa23fdd000 	C:\Windows\System32\appresolver.dll
0x00007ffa34a00000 - 0x00007ffa34b01000 	C:\WINDOWS\SYSTEM32\PROPSYS.dll
0x00007ffa022b0000 - 0x00007ffa022bd000 	C:\WINDOWS\SYSTEM32\LINKINFO.dll
0x00007ffa2aed0000 - 0x00007ffa2af30000 	C:\Windows\System32\Bcp47Langs.dll
0x00007ffa3b8d0000 - 0x00007ffa3b94f000 	C:\WINDOWS\System32\coml2.dll
0x00007ff9ed910000 - 0x00007ff9edac6000 	C:\Windows\System32\TaskFlowDataEngine.dll
0x00007ffa16f90000 - 0x00007ffa1703b000 	C:\Windows\System32\OneCoreCommonProxyStub.dll
0x00007ffa396c0000 - 0x00007ffa3970e000 	C:\WINDOWS\SYSTEM32\CFGMGR32.dll
0x00007ffa01e30000 - 0x00007ffa01ec4000 	C:\WINDOWS\SYSTEM32\ntshrui.dll
0x00007ffa38ce0000 - 0x00007ffa38d22000 	C:\WINDOWS\SYSTEM32\SspiCli.dll
0x00007ffa2a530000 - 0x00007ffa2a558000 	C:\WINDOWS\SYSTEM32\srvcli.dll
0x00007ffa23fe0000 - 0x00007ffa23ff2000 	C:\WINDOWS\SYSTEM32\cscapi.dll
0x00007ffa34e50000 - 0x00007ffa34ef5000 	C:\WINDOWS\SYSTEM32\policymanager.dll
0x00007ffa34db0000 - 0x00007ffa34e43000 	C:\WINDOWS\SYSTEM32\msvcp110_win.dll
0x00007ffa1be60000 - 0x00007ffa1c109000 	C:\WINDOWS\system32\explorerframe.dll
0x00007ffa38aa0000 - 0x00007ffa38ad4000 	C:\WINDOWS\SYSTEM32\ntmarta.dll
0x00007ffa248f0000 - 0x00007ffa2495b000 	C:\WINDOWS\system32\Ninput.dll
0x00007ffa1c3d0000 - 0x00007ffa1c420000 	C:\WINDOWS\SYSTEM32\pdh.dll
0x00007ffa1a130000 - 0x00007ffa1a140000 	C:\WINDOWS\System32\perfos.dll
0x00007ffa36cb0000 - 0x00007ffa36cc0000 	C:\WINDOWS\SYSTEM32\pfclient.dll
0x00007ffa0e900000 - 0x00007ffa0e928000 	C:\WINDOWS\SYSTEM32\edputil.dll
0x00000000008d0000 - 0x00000000009a8000 	C:\Users\vardh\AppData\Local\Temp\sqlite-3.34.0-3a8e8a9f-6d75-4b75-a047-b0545d7091c1-sqlitejdbc.dll
0x00007ffa20d10000 - 0x00007ffa20d37000 	C:\Users\vardh\.gradle\native\68d5fa5c4cc2d200863cafc0d521ce42e7d3e7ee720ec0a83991735586a16f82\windows-amd64\native-platform.dll
0x00007ffa20cc0000 - 0x00007ffa20cca000 	C:\Program Files\Android\Android Studio\plugins\design-tools\resources\layoutlib\data\win\lib64\libicuuc_stubdata.dll
0x00007ff9ec4a0000 - 0x00007ff9ec6a1000 	C:\Program Files\Android\Android Studio\plugins\design-tools\resources\layoutlib\data\win\lib64\libicuuc-host.dll
0x00007ff9cfee0000 - 0x00007ff9d08c5000 	C:\Program Files\Android\Android Studio\plugins\design-tools\resources\layoutlib\data\win\lib64\libandroid_runtime.dll
0x00007ffa31f40000 - 0x00007ffa31ffc000 	C:\WINDOWS\SYSTEM32\mscms.dll
0x00007ffa102c0000 - 0x00007ffa10309000 	C:\WINDOWS\SYSTEM32\icm32.dll

dbghelp: loaded successfully - version: 4.0.5 - missing functions: none
symbol engine: initialized successfully - sym options: 0x614 - pdb path: .;C:\Program Files\Android\Android Studio\bin;C:\WINDOWS\SYSTEM32;C:\Program Files\Android\Android Studio\jbr\bin\server;C:\Program Files\Android\Android Studio\jbr\bin;C:\WINDOWS\WinSxS\amd64_microsoft.windows.common-controls_6595b64144ccf1df_5.82.22621.2506_none_b43bab19638c9595;C:\Users\vardh\AppData\Local\Google\AndroidStudio2022.2\tmp;C:\WINDOWS\WinSxS\amd64_microsoft.windows.gdiplus_6595b64144ccf1df_1.1.22621.2506_none_57f74dcece1b5ace;C:\Users\vardh\AppData\Local\Temp;C:\WINDOWS\WinSxS\amd64_microsoft.windows.common-controls_6595b64144ccf1df_6.0.22621.2506_none_270c5ae97388e100;C:\Users\vardh\.gradle\native\68d5fa5c4cc2d200863cafc0d521ce42e7d3e7ee720ec0a83991735586a16f82\windows-amd64;C:\Program Files\Android\Android Studio\plugins\design-tools\resources\layoutlib\data\win\lib64

VM Arguments:
jvm_args: exit -Xms256m -Xmx1280m -XX:ReservedCodeCacheSize=512m -XX:+UseG1GC -XX:SoftRefLRUPolicyMSPerMB=50 -XX:CICompilerCount=2 -XX:+HeapDumpOnOutOfMemoryError -XX:-OmitStackTraceInFastThrow -XX:+IgnoreUnrecognizedVMOptions -XX:CompileCommand=exclude,com/intellij/openapi/vfs/impl/FilePartNodeRoot,trieDescend -ea -Dsun.io.useCanonCaches=false -Dsun.java2d.metal=true -Djbr.catch.SIGABRT=true -Djdk.http.auth.tunneling.disabledSchemes="" -Djdk.attach.allowAttachSelf=true -Djdk.module.illegalAccess.silent=true -Djna.nosys=true -Djna.boot.library.path= -Didea.vendor.name=Google -Dkotlinx.coroutines.debug=off -Djb.vmOptionsFile=C:\Program Files\Android\Android Studio\bin\studio64.exe.vmoptions -Djava.system.class.loader=com.intellij.util.lang.PathClassLoader -Didea.strict.classpath=true -Didea.vendor.name=Google -Didea.paths.selector=AndroidStudio2022.2 -Didea.platform.prefix=AndroidStudio -XX:FlightRecorderOptions=stackdepth=256 -Didea.jre.check=true -Dsplash=true --add-opens=java.base/java.io=ALL-UNNAMED --add-opens=java.base/java.lang=ALL-UNNAMED --add-opens=java.base/java.lang.reflect=ALL-UNNAMED --add-opens=java.base/java.net=ALL-UNNAMED --add-opens=java.base/java.nio=ALL-UNNAMED --add-opens=java.base/java.nio.charset=ALL-UNNAMED --add-opens=java.base/java.text=ALL-UNNAMED --add-opens=java.base/java.time=ALL-UNNAMED --add-opens=java.base/java.util=ALL-UNNAMED --add-opens=java.base/java.util.concurrent=ALL-UNNAMED --add-opens=java.base/java.util.concurrent.atomic=ALL-UNNAMED --add-opens=java.base/jdk.internal.vm=ALL-UNNAMED --add-opens=java.base/sun.nio.ch=ALL-UNNAMED --add-opens=java.base/sun.security.ssl=ALL-UNNAMED --add-opens=java.base/sun.security.util=ALL-UNNAMED --add-opens=java.desktop/java.awt=ALL-UNNAMED --add-opens=java.desktop/java.awt.dnd.peer=ALL-UNNAMED --add-opens=java.desktop/java.awt.event=ALL-UNNAMED --add-opens=java.desktop/java.awt.image=ALL-UNNAMED --add-opens=java.desktop/java.awt.peer=ALL-UNNAMED --add-opens=java.desktop/javax.swing=ALL-UNNAMED --add-opens=java.desktop/javax.swing.plaf.basic=ALL-UNNAMED --add-opens=java.desktop/javax.swing.text.html=ALL-UNNAMED --add-opens=java.desktop/sun.awt.datatransfer=ALL-UNNAMED --add-opens=java.desktop/sun.awt.image=ALL-UNNAMED --add-opens=java.desktop/sun.awt.windows=ALL-UNNAMED --add-opens=java.desktop/sun.awt=ALL-UNNAMED --add-opens=java.desktop/sun.font=ALL-UNNAMED --add-opens=java.desktop/sun.java2d=ALL-UNNAMED --add-opens=java.desktop/sun.swing=ALL-UNNAMED --add-opens=jdk.attach/sun.tools.attach=ALL-UNNAMED --add-opens=jdk.compiler/com.sun.tools.javac.api=ALL-UNNAMED --add-opens=jdk.internal.jvmstat/sun.jvmstat.monitor=ALL-UNNAMED --add-opens=jdk.jdi/com.sun.tools.jdi=ALL-UNNAMED -Dide.native.launcher=true -XX:ErrorFile=C:\Users\vardh\\java_error_in_studio64_%p.log -XX:HeapDumpPath=C:\Users\vardh\\java_error_in_studio64.hprof 
java_command: <unknown>
java_class_path (initial): C:\Program Files\Android\Android Studio\lib\util.jar;C:\Program Files\Android\Android Studio\lib\app.jar;C:\Program Files\Android\Android Studio\lib\3rd-party-rt.jar;C:\Program Files\Android\Android Studio\lib\jna.jar;C:\Program Files\Android\Android Studio\lib\platform-statistics-devkit.jar;C:\Program Files\Android\Android Studio\lib\jps-model.jar;C:\Program Files\Android\Android Studio\lib\rd-core.jar;C:\Program Files\Android\Android Studio\lib\rd-framework.jar;C:\Program Files\Android\Android Studio\lib\stats.jar;C:\Program Files\Android\Android Studio\lib\protobuf.jar;C:\Program Files\Android\Android Studio\lib\external-system-rt.jar;C:\Program Files\Android\Android Studio\lib\forms_rt.jar;C:\Program Files\Android\Android Studio\lib\intellij-test-discovery.jar;C:\Program Files\Android\Android Studio\lib\rd-swing.jar;C:\Program Files\Android\Android Studio\lib\annotations.jar;C:\Program Files\Android\Android Studio\lib\groovy.jar;C:\Program Files\Android\Android Studio\lib\annotations-java5.jar;C:\Program Files\Android\Android Studio\lib\asm-9.2.jar;C:\Program Files\Android\Android Studio\lib\asm-analysis-9.2.jar;C:\Program Files\Android\Android Studio\lib\asm-commons-9.2.jar;C:\Program Files\Android\Android Studio\lib\asm-tree-9.2.jar;C:\Program Files\Android\Android Studio\lib\asm-util-9.2.jar;C:\Program Files\Android\Android Studio\lib\byte-buddy-agent.jar;C:\Program Files\Android\Android Studio\lib\error-prone-annotations.jar;C:\Program Files\Android\Android Studio\lib\externalProcess-rt.jar;C:\Program Files\Android\Android Studio\lib\grpc-netty-shaded.jar;C:\Program Files\Android\Android Studio\lib\idea_rt.jar;C:\Program Files\Android\Android Studio\lib\intellij-coverage-agent-1.0.673.jar;C:\Program Files\Android\Android Studio\lib\jffi-1.3.9-native.jar;C:\Program Files\Android\Android Studio\lib\jffi-1.3.9.jar;C:\Program Files\Android\Android Studio\lib\jnr-a64asm-1.0.0.jar;C:\Program Files\Android\Android Studio\lib\jnr-ffi-2.2
Launcher Type: generic

[Global flags]
     intx CICompilerCount                          = 2                                         {product} {command line}
ccstrlist CompileCommand                           = exclude,com/intellij/openapi/vfs/impl/FilePartNodeRoot,trieDescend            {product} {command line}
     uint ConcGCThreads                            = 3                                         {product} {ergonomic}
    ccstr ErrorFile                                = C:\Users\vardh\\java_error_in_studio64_%p.log            {product} {command line}
    ccstr FlightRecorderOptions                    = stackdepth=256                            {product} {command line}
     uint G1ConcRefinementThreads                  = 13                                        {product} {ergonomic}
   size_t G1HeapRegionSize                         = 1048576                                   {product} {ergonomic}
    uintx GCDrainStackTargetSize                   = 64                                        {product} {ergonomic}
     bool HeapDumpOnOutOfMemoryError               = true                                   {manageable} {command line}
    ccstr HeapDumpPath                             = C:\Users\vardh\\java_error_in_studio64.hprof         {manageable} {command line}
     bool IgnoreUnrecognizedVMOptions              = true                                      {product} {command line}
   size_t InitialHeapSize                          = 268435456                                 {product} {command line}
   size_t MarkStackSize                            = 4194304                                   {product} {ergonomic}
   size_t MaxHeapSize                              = 1342177280                                {product} {command line}
   size_t MaxNewSize                               = 805306368                                 {product} {ergonomic}
   size_t MinHeapDeltaBytes                        = 1048576                                   {product} {ergonomic}
   size_t MinHeapSize                              = 268435456                                 {product} {command line}
    uintx NonNMethodCodeHeapSize                   = 5826188                                {pd product} {ergonomic}
    uintx NonProfiledCodeHeapSize                  = 265522362                              {pd product} {ergonomic}
     bool OmitStackTraceInFastThrow                = false                                     {product} {command line}
    uintx ProfiledCodeHeapSize                     = 265522362                              {pd product} {ergonomic}
    uintx ReservedCodeCacheSize                    = 536870912                              {pd product} {command line}
     bool SegmentedCodeCache                       = true                                      {product} {ergonomic}
   size_t SoftMaxHeapSize                          = 1342177280                             {manageable} {ergonomic}
     intx SoftRefLRUPolicyMSPerMB                  = 50                                        {product} {command line}
   double SweeperThreshold                         = 0.234375                                  {product} {ergonomic}
     bool UseCompressedClassPointers               = true                           {product lp64_product} {ergonomic}
     bool UseCompressedOops                        = true                           {product lp64_product} {ergonomic}
     bool UseG1GC                                  = true                                      {product} {command line}
     bool UseLargePagesIndividualAllocation        = false                                  {pd product} {ergonomic}

Logging:
Log output configuration:
 #0: stdout all=warning uptime,level,tags (reconfigured)
 #1: stderr all=off uptime,level,tags

Environment Variables:
PATH=C:\Program Files\Common Files\Oracle\Java\javapath;C:\WINDOWS\system32;C:\WINDOWS;C:\WINDOWS\System32\Wbem;C:\WINDOWS\System32\WindowsPowerShell\v1.0\;C:\WINDOWS\System32\OpenSSH\;C:\Program Files\MySQL\MySQL Server 8.0\bin;C:\Program Files\nodejs\;C:\Users\vardh\AppData\Local\Programs\Python\Python311\Scripts\;C:\Users\vardh\AppData\Local\Programs\Python\Python311\;C:\Users\vardh\AppData\Local\Microsoft\WindowsApps;;C:\Users\vardh\AppData\Local\Programs\Microsoft VS Code\bin;C:\Users\vardh\AppData\Roaming\npm
USERNAME=ronit
OS=Windows_NT
PROCESSOR_IDENTIFIER=Intel64 Family 6 Model 154 Stepping 3, GenuineIntel
TMP=C:\Users\vardh\AppData\Local\Temp
TEMP=C:\Users\vardh\AppData\Local\Temp



---------------  S Y S T E M  ---------------

OS:
 Windows 11 , 64 bit Build 22621 (10.0.22621.2506)
OS uptime: 5 days 2:50 hours
Hyper-V role detected

CPU: total 16 (initial active 16) (8 cores per cpu, 2 threads per core) family 6 model 154 stepping 3 microcode 0x423, cx8, cmov, fxsr, ht, mmx, 3dnowpref, sse, sse2, sse3, ssse3, sse4.1, sse4.2, popcnt, lzcnt, tsc, tscinvbit, avx, avx2, aes, erms, clmul, bmi1, bmi2, adx, sha, fma, vzeroupper, clflush, clflushopt, clwb, hv

Memory: 4k page, system-wide physical 15997M (4686M free)
TotalPageFile size 18429M (AvailPageFile size 7059M)
current process WorkingSet (physical memory assigned to process): 3313M, peak: 4143M
current process commit charge ("private bytes"): 2939M, peak: 3785M

vm_info: OpenJDK 64-Bit Server VM (17.0.6+0-b2043.56-9586694) for windows-amd64 JRE (17.0.6+0-b2043.56-9586694), built on Feb  9 2023 20:06:20 by "androidbuild" with MS VC++ 16.10 / 16.11 (VS2019)

END.
